<?xml version="1.0" encoding="UTF-8"?>
<database>
    <element label="uvCore_LB" max_length="40" name="x_58872_needit_uvcore_lb" type="collection">
        <element label="Active" max_length="40" name="active" type="boolean"/>
        <element label="Assigned To" max_length="32" name="assigned_to" reference="sys_user" type="reference"/>
        <element label="BackupType" max_length="40" name="backuptype" type="string"/>
        <element label="CUSTOMER" max_length="40" name="customer" type="string"/>
        <element label="disk0SizeGB" max_length="40" name="disk0sizegb" type="string"/>
        <element label="disk0StorageTier" max_length="40" name="disk0storagetier" type="string"/>
        <element label="disksAllowed" max_length="40" name="disksallowed" type="string"/>
        <element label="domainNumber" max_length="40" name="domainnumber" type="string"/>
        <element label="extref" max_length="40" name="extref" type="string"/>
        <element label="Function" max_length="40" name="function" type="string"/>
        <element label="HardwarePreset" max_length="40" name="hardwarepreset" type="string"/>
        <element label="hardwareType" max_length="40" name="hardwaretype" type="string"/>
        <element label="HostEnvironment" max_length="40" name="hostenvironment" type="string"/>
        <element label="Hostname LC" max_length="40" name="hostname_lc" type="string"/>
        <element label="lbRequireHA" max_length="40" name="lbrequireha" type="string"/>
        <element label="lbVIP1" max_length="40" name="lbvip1" type="string"/>
        <element label="lbVIP1AppName" max_length="40" name="lbvip1appname" type="string"/>
        <element label="lbVIP1Method" max_length="40" name="lbvip1method" type="string"/>
        <element label="lbVIP1Mode" max_length="40" name="lbvip1mode" type="string"/>
        <element label="lbVIP1Port" max_length="40" name="lbvip1port" type="string"/>
        <element label="lbVIP1SecurityTagName" max_length="40" name="lbvip1securitytagname" type="string"/>
        <element label="lbVIP1Url" max_length="40" name="lbvip1url" type="string"/>
        <element label="lbVIP2" max_length="40" name="lbvip2" type="string"/>
        <element label="lbVIP2AppName" max_length="40" name="lbvip2appname" type="string"/>
        <element label="lbVIP2Method" max_length="40" name="lbvip2method" type="string"/>
        <element label="lbVIP2Mode" max_length="40" name="lbvip2mode" type="string"/>
        <element label="lbVIP2Port" max_length="40" name="lbvip2port" type="string"/>
        <element label="lbVIP2SecurityTagName" max_length="40" name="lbvip2securitytagname" type="string"/>
        <element label="lbVIP2Url" max_length="40" name="lbvip2url" type="string"/>
        <element label="lbVIP3" max_length="40" name="lbvip3" type="string"/>
        <element label="lbVIP3AppName" max_length="40" name="lbvip3appname" type="string"/>
        <element label="lbVIP3Method" max_length="40" name="lbvip3method" type="string"/>
        <element label="lbVIP3Mode" max_length="40" name="lbvip3mode" type="string"/>
        <element label="lbVIP3Port" max_length="40" name="lbvip3port" type="string"/>
        <element label="lbVIP3SecurityTagName" max_length="40" name="lbvip3securitytagname" type="string"/>
        <element label="lbVIP3Url" max_length="40" name="lbvip3url" type="string"/>
        <element label="lbVIP4" max_length="40" name="lbvip4" type="string"/>
        <element label="lbVIP4AppName" max_length="40" name="lbvip4appname" type="string"/>
        <element label="lbVIP4Method" max_length="40" name="lbvip4method" type="string"/>
        <element label="lbVIP4Mode" max_length="40" name="lbvip4mode" type="string"/>
        <element label="lbVIP4Port" max_length="40" name="lbvip4port" type="string"/>
        <element label="lbVIP4SecurityTagName" max_length="40" name="lbvip4securitytagname" type="string"/>
        <element label="lbVIP4Url" max_length="40" name="lbvip4url" type="string"/>
        <element label="lbVIP5" max_length="40" name="lbvip5" type="string"/>
        <element label="lbVIP5AppName" max_length="40" name="lbvip5appname" type="string"/>
        <element label="lbVIP5Method" max_length="40" name="lbvip5method" type="string"/>
        <element label="lbVIP5Mode" max_length="40" name="lbvip5mode" type="string"/>
        <element label="lbVIP5Port" max_length="40" name="lbvip5port" type="string"/>
        <element label="lbVIP5SecurityTagName" max_length="40" name="lbvip5securitytagname" type="string"/>
        <element label="lbVIP5Url" max_length="40" name="lbvip5url" type="string"/>
        <element label="lbVIP6" max_length="40" name="lbvip6" type="string"/>
        <element label="lbVIP6AppName" max_length="40" name="lbvip6appname" type="string"/>
        <element label="lbVIP6Method" max_length="40" name="lbvip6method" type="string"/>
        <element label="lbVIP6Mode" max_length="40" name="lbvip6mode" type="string"/>
        <element label="lbVIP6Port" max_length="40" name="lbvip6port" type="string"/>
        <element label="lbVIP6SecurityTagName" max_length="40" name="lbvip6securitytagname" type="string"/>
        <element label="lbVIP6Url" max_length="40" name="lbvip6url" type="string"/>
        <element label="lbVIP7" max_length="40" name="lbvip7" type="string"/>
        <element label="lbVIP7AppName" max_length="40" name="lbvip7appname" type="string"/>
        <element label="lbVIP7Method" max_length="40" name="lbvip7method" type="string"/>
        <element label="lbVIP7Mode" max_length="40" name="lbvip7mode" type="string"/>
        <element label="lbVIP7Port" max_length="40" name="lbvip7port" type="string"/>
        <element label="lbVIP7SecurityTagName" max_length="40" name="lbvip7securitytagname" type="string"/>
        <element label="lbVIP7Url" max_length="40" name="lbvip7url" type="string"/>
        <element label="lbVIP8" max_length="40" name="lbvip8" type="string"/>
        <element label="lbVIP8AppName" max_length="40" name="lbvip8appname" type="string"/>
        <element label="lbVIP8Method" max_length="40" name="lbvip8method" type="string"/>
        <element label="lbVIP8Mode" max_length="40" name="lbvip8mode" type="string"/>
        <element label="lbVIP8Port" max_length="40" name="lbvip8port" type="string"/>
        <element label="lbVIP8SecurityTagName" max_length="40" name="lbvip8securitytagname" type="string"/>
        <element label="lbVIP8Url" max_length="40" name="lbvip8url" type="string"/>
        <element label="lbVIP9" max_length="40" name="lbvip9" type="string"/>
        <element label="lbVIP9AppName" max_length="40" name="lbvip9appname" type="string"/>
        <element label="lbVIP9Method" max_length="40" name="lbvip9method" type="string"/>
        <element label="lbVIP9Mode" max_length="40" name="lbvip9mode" type="string"/>
        <element label="lbVIP9Port" max_length="40" name="lbvip9port" type="string"/>
        <element label="lbVIP9SecurityTagName" max_length="40" name="lbvip9securitytagname" type="string"/>
        <element label="lbVIP9Url" max_length="40" name="lbvip9url" type="string"/>
        <element label="managedBy" max_length="40" name="managedby" type="string"/>
        <element label="OSName" max_length="40" name="osname" type="string"/>
        <element label="portalOOType" max_length="40" name="portalootype" type="string"/>
        <element label="Reference" max_length="40" name="reference" type="string"/>
        <element label="requestUpdated" max_length="40" name="requestupdated" type="string"/>
        <element label="serverCount" max_length="40" name="servercount" type="string"/>
        <element label="serviceRequestId" max_length="40" name="servicerequestid" type="string"/>
        <element label="SiteID" max_length="40" name="siteid" type="string"/>
        <element label="SRAEnvironment" max_length="40" name="sraenvironment" type="string"/>
        <element label="subscriptionEmail" max_length="40" name="subscriptionemail" type="string"/>
        <element label="SubscriptionID" max_length="40" name="subscriptionid" type="string"/>
        <element label="subscriptionName" max_length="40" name="subscriptionname" type="string"/>
        <index name="index">
            <element name="assigned_to"/>
        </index>
    </element>
</database>
