<?xml version="1.0" encoding="UTF-8"?>
<database>
    <element extends="sys_import_set_row" label="import_uvCore_server" max_length="40" name="x_58872_needit_import_uvcore_server" type="collection">
        <element attributes="import_attribute_name=actiontaken,edge_encryption_enabled=true" label="actiontaken" max_length="51" name="u_actiontaken" type="string"/>
        <element attributes="import_attribute_name=assigned_to,edge_encryption_enabled=true" label="assigned_to" max_length="40" name="u_assigned_to" type="string"/>
        <element attributes="import_attribute_name=associatedlb,edge_encryption_enabled=true" label="associatedlb" max_length="40" name="u_associatedlb" type="string"/>
        <element attributes="import_attribute_name=backupmethod,edge_encryption_enabled=true" label="backupmethod" max_length="40" name="u_backupmethod" type="string"/>
        <element attributes="import_attribute_name=backuppolicy,edge_encryption_enabled=true" label="backuppolicy" max_length="40" name="u_backuppolicy" type="string"/>
        <element attributes="import_attribute_name=backuptype,edge_encryption_enabled=true" label="backuptype" max_length="40" name="u_backuptype" type="string"/>
        <element attributes="import_attribute_name=backupwindow,edge_encryption_enabled=true" label="backupwindow" max_length="40" name="u_backupwindow" type="string"/>
        <element attributes="import_attribute_name=billingcode,edge_encryption_enabled=true" label="billingcode" max_length="40" name="u_billingcode" type="string"/>
        <element attributes="import_attribute_name=businessinformation,edge_encryption_enabled=true" label="businessinformation" max_length="40" name="u_businessinformation" type="string"/>
        <element attributes="import_attribute_name=ciimpact,edge_encryption_enabled=true" label="ciimpact" max_length="40" name="u_ciimpact" type="string"/>
        <element attributes="import_attribute_name=ciisvirtual,edge_encryption_enabled=true" label="ciisvirtual" max_length="40" name="u_ciisvirtual" type="string"/>
        <element attributes="import_attribute_name=cimanufacturer,edge_encryption_enabled=true" label="cimanufacturer" max_length="40" name="u_cimanufacturer" type="string"/>
        <element attributes="import_attribute_name=ciparenttype,edge_encryption_enabled=true" label="ciparenttype" max_length="40" name="u_ciparenttype" type="string"/>
        <element attributes="import_attribute_name=ciremoteconsole,edge_encryption_enabled=true" label="ciremoteconsole" max_length="40" name="u_ciremoteconsole" type="string"/>
        <element attributes="import_attribute_name=cisupporttier,edge_encryption_enabled=true" label="cisupporttier" max_length="40" name="u_cisupporttier" type="string"/>
        <element attributes="import_attribute_name=cisystemmodel,edge_encryption_enabled=true" label="cisystemmodel" max_length="40" name="u_cisystemmodel" type="string"/>
        <element attributes="import_attribute_name=civirtualizationrole,edge_encryption_enabled=true" label="civirtualizationrole" max_length="40" name="u_civirtualizationrole" type="string"/>
        <element attributes="import_attribute_name=civirtualtechnology,edge_encryption_enabled=true" label="civirtualtechnology" max_length="40" name="u_civirtualtechnology" type="string"/>
        <element attributes="import_attribute_name=clustername,edge_encryption_enabled=true" label="clustername" max_length="40" name="u_clustername" type="string"/>
        <element attributes="import_attribute_name=cpucount" label="cpucount" max_length="40" name="u_cpucount" type="integer"/>
        <element attributes="import_attribute_name=customer,edge_encryption_enabled=true" label="customer" max_length="40" name="u_customer" type="string"/>
        <element attributes="import_attribute_name=deploystartdatetime,edge_encryption_enabled=true" label="deploystartdatetime" max_length="40" name="u_deploystartdatetime" type="string"/>
        <element attributes="import_attribute_name=disk0datastore,edge_encryption_enabled=true" label="disk0datastore" max_length="40" name="u_disk0datastore" type="string"/>
        <element attributes="import_attribute_name=disk0sizegb" label="disk0sizegb" max_length="40" name="u_disk0sizegb" type="integer"/>
        <element attributes="import_attribute_name=disk0storagetier,edge_encryption_enabled=true" label="disk0storagetier" max_length="40" name="u_disk0storagetier" type="string"/>
        <element attributes="import_attribute_name=disk1sizegb" label="disk1sizegb" max_length="40" name="u_disk1sizegb" type="integer"/>
        <element attributes="import_attribute_name=disk1storagetier" label="disk1storagetier" max_length="40" name="u_disk1storagetier" type="integer"/>
        <element attributes="import_attribute_name=disk2sizegb" label="disk2sizegb" max_length="40" name="u_disk2sizegb" type="integer"/>
        <element attributes="import_attribute_name=disk2storagetier" label="disk2storagetier" max_length="40" name="u_disk2storagetier" type="integer"/>
        <element attributes="import_attribute_name=disk3sizegb" label="disk3sizegb" max_length="40" name="u_disk3sizegb" type="integer"/>
        <element attributes="import_attribute_name=disk3storagetier" label="disk3storagetier" max_length="40" name="u_disk3storagetier" type="integer"/>
        <element attributes="import_attribute_name=disk4sizegb" label="disk4sizegb" max_length="40" name="u_disk4sizegb" type="integer"/>
        <element attributes="import_attribute_name=disk4storagetier" label="disk4storagetier" max_length="40" name="u_disk4storagetier" type="integer"/>
        <element attributes="import_attribute_name=disk5sizegb" label="disk5sizegb" max_length="40" name="u_disk5sizegb" type="integer"/>
        <element attributes="import_attribute_name=disk5storagetier" label="disk5storagetier" max_length="40" name="u_disk5storagetier" type="integer"/>
        <element attributes="import_attribute_name=disk6sizegb" label="disk6sizegb" max_length="40" name="u_disk6sizegb" type="integer"/>
        <element attributes="import_attribute_name=disk6storagetier" label="disk6storagetier" max_length="40" name="u_disk6storagetier" type="integer"/>
        <element attributes="import_attribute_name=disk7sizegb" label="disk7sizegb" max_length="40" name="u_disk7sizegb" type="integer"/>
        <element attributes="import_attribute_name=disk7storagetier" label="disk7storagetier" max_length="40" name="u_disk7storagetier" type="integer"/>
        <element attributes="import_attribute_name=disk8sizegb" label="disk8sizegb" max_length="40" name="u_disk8sizegb" type="integer"/>
        <element attributes="import_attribute_name=disk8storagetier" label="disk8storagetier" max_length="40" name="u_disk8storagetier" type="integer"/>
        <element attributes="import_attribute_name=disk8storagetier/#agg" label="disk8storagetier/#agg" max_length="40" name="u_disk8storagetier__agg" type="integer"/>
        <element attributes="import_attribute_name=disk9sizegb" label="disk9sizegb" max_length="40" name="u_disk9sizegb" type="integer"/>
        <element attributes="import_attribute_name=disk9storagetier" label="disk9storagetier" max_length="40" name="u_disk9storagetier" type="integer"/>
        <element attributes="import_attribute_name=disk9storagetier/#agg" label="disk9storagetier/#agg" max_length="40" name="u_disk9storagetier__agg" type="integer"/>
        <element attributes="import_attribute_name=diskcount" label="diskcount" max_length="40" name="u_diskcount" type="integer"/>
        <element attributes="import_attribute_name=domainnumber" label="domainnumber" max_length="40" name="u_domainnumber" type="integer"/>
        <element attributes="import_attribute_name=enablebackup,edge_encryption_enabled=true" label="enablebackup" max_length="40" name="u_enablebackup" type="string"/>
        <element attributes="import_attribute_name=enablefirewall,edge_encryption_enabled=true" label="enablefirewall" max_length="40" name="u_enablefirewall" type="string"/>
        <element attributes="import_attribute_name=enablesrm,edge_encryption_enabled=true" label="enablesrm" max_length="40" name="u_enablesrm" type="string"/>
        <element attributes="import_attribute_name=function,edge_encryption_enabled=true" label="function" max_length="40" name="u_function" type="string"/>
        <element attributes="import_attribute_name=guestfullname,edge_encryption_enabled=true" label="guestfullname" max_length="40" name="u_guestfullname" type="string"/>
        <element attributes="import_attribute_name=guestid,edge_encryption_enabled=true" label="guestid" max_length="40" name="u_guestid" type="string"/>
        <element attributes="import_attribute_name=hardwarepreset" label="hardwarepreset" max_length="40" name="u_hardwarepreset" type="integer"/>
        <element attributes="import_attribute_name=hardwarepreset/#agg" label="hardwarepreset/#agg" max_length="40" name="u_hardwarepreset__agg" type="integer"/>
        <element attributes="import_attribute_name=hardwaretype" label="hardwaretype" max_length="40" name="u_hardwaretype" type="integer"/>
        <element attributes="import_attribute_name=hardwaretype/#agg" label="hardwaretype/#agg" max_length="40" name="u_hardwaretype__agg" type="integer"/>
        <element attributes="import_attribute_name=hostenvironment,edge_encryption_enabled=true" label="hostenvironment" max_length="40" name="u_hostenvironment" type="string"/>
        <element attributes="import_attribute_name=hostname_dns,edge_encryption_enabled=true" label="hostname_dns" max_length="40" name="u_hostname_dns" type="string"/>
        <element attributes="import_attribute_name=hostname_fqdn,edge_encryption_enabled=true" label="hostname_fqdn" max_length="40" name="u_hostname_fqdn" type="string"/>
        <element attributes="import_attribute_name=hostname_lc,edge_encryption_enabled=true" label="hostname_lc" max_length="40" name="u_hostname_lc" type="string"/>
        <element attributes="import_attribute_name=hostname_phys,edge_encryption_enabled=true" label="hostname_phys" max_length="40" name="u_hostname_phys" type="string"/>
        <element attributes="import_attribute_name=hostname_uc,edge_encryption_enabled=true" label="hostname_uc" max_length="40" name="u_hostname_uc" type="string"/>
        <element attributes="import_attribute_name=hostname_vm,edge_encryption_enabled=true" label="hostname_vm" max_length="40" name="u_hostname_vm" type="string"/>
        <element attributes="import_attribute_name=ipaddress1,edge_encryption_enabled=true" label="ipaddress1" max_length="40" name="u_ipaddress1" type="string"/>
        <element attributes="import_attribute_name=ipgateway1,edge_encryption_enabled=true" label="ipgateway1" max_length="40" name="u_ipgateway1" type="string"/>
        <element attributes="import_attribute_name=ipnetmask1,edge_encryption_enabled=true" label="ipnetmask1" max_length="40" name="u_ipnetmask1" type="string"/>
        <element attributes="import_attribute_name=iscluster,edge_encryption_enabled=true" label="iscluster" max_length="40" name="u_iscluster" type="string"/>
        <element attributes="import_attribute_name=isvirtual,edge_encryption_enabled=true" label="isvirtual" max_length="40" name="u_isvirtual" type="string"/>
        <element attributes="import_attribute_name=joindomain,edge_encryption_enabled=true" label="joindomain" max_length="40" name="u_joindomain" type="string"/>
        <element attributes="import_attribute_name=managedby,edge_encryption_enabled=true" label="managedby" max_length="40" name="u_managedby" type="string"/>
        <element attributes="import_attribute_name=memorygb" label="memorygb" max_length="40" name="u_memorygb" type="integer"/>
        <element attributes="import_attribute_name=memorygb/#agg" label="memorygb/#agg" max_length="40" name="u_memorygb__agg" type="integer"/>
        <element attributes="import_attribute_name=nic0connection,edge_encryption_enabled=true" label="nic0connection" max_length="40" name="u_nic0connection" type="string"/>
        <element attributes="import_attribute_name=nic1connection,edge_encryption_enabled=true" label="nic1connection" max_length="40" name="u_nic1connection" type="string"/>
        <element attributes="import_attribute_name=nic1role,edge_encryption_enabled=true" label="nic1role" max_length="40" name="u_nic1role" type="string"/>
        <element attributes="import_attribute_name=nic2connection,edge_encryption_enabled=true" label="nic2connection" max_length="40" name="u_nic2connection" type="string"/>
        <element attributes="import_attribute_name=nic3connection,edge_encryption_enabled=true" label="nic3connection" max_length="40" name="u_nic3connection" type="string"/>
        <element attributes="import_attribute_name=nic4connection,edge_encryption_enabled=true" label="nic4connection" max_length="40" name="u_nic4connection" type="string"/>
        <element attributes="import_attribute_name=nic5connection,edge_encryption_enabled=true" label="nic5connection" max_length="40" name="u_nic5connection" type="string"/>
        <element attributes="import_attribute_name=nic6connection,edge_encryption_enabled=true" label="nic6connection" max_length="40" name="u_nic6connection" type="string"/>
        <element attributes="import_attribute_name=nic7connection,edge_encryption_enabled=true" label="nic7connection" max_length="40" name="u_nic7connection" type="string"/>
        <element attributes="import_attribute_name=nic8connection,edge_encryption_enabled=true" label="nic8connection" max_length="40" name="u_nic8connection" type="string"/>
        <element attributes="import_attribute_name=nic9connection,edge_encryption_enabled=true" label="nic9connection" max_length="40" name="u_nic9connection" type="string"/>
        <element attributes="import_attribute_name=niccount" label="niccount" max_length="40" name="u_niccount" type="integer"/>
        <element attributes="import_attribute_name=niccount/#agg" label="niccount/#agg" max_length="40" name="u_niccount__agg" type="integer"/>
        <element attributes="import_attribute_name=nodenumber" label="nodenumber" max_length="40" name="u_nodenumber" type="integer"/>
        <element attributes="import_attribute_name=nodenumber/#agg" label="nodenumber/#agg" max_length="40" name="u_nodenumber__agg" type="integer"/>
        <element attributes="import_attribute_name=offeringname,edge_encryption_enabled=true" label="offeringname" max_length="40" name="u_offeringname" type="string"/>
        <element attributes="import_attribute_name=osdisplayname,edge_encryption_enabled=true" label="osdisplayname" max_length="40" name="u_osdisplayname" type="string"/>
        <element attributes="import_attribute_name=oslicenseowner,edge_encryption_enabled=true" label="oslicenseowner" max_length="40" name="u_oslicenseowner" type="string"/>
        <element attributes="import_attribute_name=osname,edge_encryption_enabled=true" label="osname" max_length="40" name="u_osname" type="string"/>
        <element attributes="import_attribute_name=ospatchday,edge_encryption_enabled=true" label="ospatchday" max_length="40" name="u_ospatchday" type="string"/>
        <element attributes="import_attribute_name=ospatchtime" label="ospatchtime" max_length="40" name="u_ospatchtime" type="integer"/>
        <element attributes="import_attribute_name=ostype,edge_encryption_enabled=true" label="ostype" max_length="40" name="u_ostype" type="string"/>
        <element attributes="import_attribute_name=outageday" label="outageday" max_length="40" name="u_outageday" type="integer"/>
        <element attributes="import_attribute_name=outagewindow,edge_encryption_enabled=true" label="outagewindow" max_length="40" name="u_outagewindow" type="string"/>
        <element attributes="import_attribute_name=powerstate,edge_encryption_enabled=true" label="powerstate" max_length="40" name="u_powerstate" type="string"/>
        <element attributes="import_attribute_name=primarydns,edge_encryption_enabled=true" label="primarydns" max_length="40" name="u_primarydns" type="string"/>
        <element attributes="import_attribute_name=privilageduser,edge_encryption_enabled=true" label="privilageduser" max_length="40" name="u_privilageduser" type="string"/>
        <element attributes="import_attribute_name=reference,edge_encryption_enabled=true" label="reference" max_length="40" name="u_reference" type="string"/>
        <element attributes="import_attribute_name=secondarydc,edge_encryption_enabled=true" label="secondarydc" max_length="40" name="u_secondarydc" type="string"/>
        <element attributes="import_attribute_name=secondarydns,edge_encryption_enabled=true" label="secondarydns" max_length="40" name="u_secondarydns" type="string"/>
        <element attributes="import_attribute_name=serialnumber,edge_encryption_enabled=true" label="serialnumber" max_length="40" name="u_serialnumber" type="string"/>
        <element attributes="import_attribute_name=servertype,edge_encryption_enabled=true" label="servertype" max_length="40" name="u_servertype" type="string"/>
        <element attributes="import_attribute_name=service_request_id,edge_encryption_enabled=true" label="service_request_id" max_length="40" name="u_service_request_id" type="string"/>
        <element attributes="import_attribute_name=shortdomain,edge_encryption_enabled=true" label="shortdomain" max_length="40" name="u_shortdomain" type="string"/>
    </element>
</database>
