<?xml version="1.0" encoding="UTF-8"?>
<record_update table="catalog_ui_policy_action">
    <catalog_ui_policy_action action="INSERT_OR_UPDATE">
        <catalog_item display_value="MSV Managed VMware VM v2.5">c3db64904f646b00b6bec4b18110c702</catalog_item>
        <catalog_variable>IO:b9ebe8d44f646b00b6bec4b18110c734</catalog_variable>
        <disabled>true</disabled>
        <field/>
        <mandatory>ignore</mandatory>
        <sys_class_name>catalog_ui_policy_action</sys_class_name>
        <sys_created_by>admin</sys_created_by>
        <sys_created_on>2018-09-10 12:58:10</sys_created_on>
        <sys_id>6efb60184f646b00b6bec4b18110c740</sys_id>
        <sys_mod_count>0</sys_mod_count>
        <sys_name>is_it_virtual_machine</sys_name>
        <sys_package display_value="NeedIt" source="x_58872_needit">6ead8e780f603200cd674f8ce1050ed1</sys_package>
        <sys_policy/>
        <sys_scope display_value="NeedIt">6ead8e780f603200cd674f8ce1050ed1</sys_scope>
        <sys_update_name>catalog_ui_policy_action_6efb60184f646b00b6bec4b18110c740</sys_update_name>
        <sys_updated_by>admin</sys_updated_by>
        <sys_updated_on>2018-09-10 12:58:10</sys_updated_on>
        <table/>
        <ui_policy display_value="make SRA Environment , customer, service request id, portal type,  subscription id, reference read only and hide some">66fb60184f646b00b6bec4b18110c71b</ui_policy>
        <variable>is_it_virtual_machine</variable>
        <variable_set/>
        <visible>false</visible>
    </catalog_ui_policy_action>
</record_update>
