<?xml version="1.0" encoding="UTF-8"?>
<record_update sys_domain="global" table="catalog_script_client">
    <catalog_script_client action="INSERT_OR_UPDATE">
        <active>true</active>
        <applies_catalog>true</applies_catalog>
        <applies_extended>false</applies_extended>
        <applies_req_item>true</applies_req_item>
        <applies_sc_task>true</applies_sc_task>
        <applies_target_record>false</applies_target_record>
        <applies_to>item</applies_to>
        <cat_item display_value="MSV CM VM Base">f431ddb2db5923001dde0181ca9619a5</cat_item>
        <cat_variable>IO:0531d1f2db5923001dde0181ca9619cc</cat_variable>
        <condition/>
        <description/>
        <field/>
        <global>true</global>
        <messages/>
        <name>Manage fields based on Phase</name>
        <order/>
        <script><![CDATA[function onChange(control, oldValue, newValue, isLoading) {
	var i;
	if(newValue == 'Deploy'){
		g_form.setDisplay('subscriptionID',false);
		g_form.setDisplay('subscriptionName',true);
		g_form.setMandatory('subscription_name',false);
		g_form.setDisplay('subscription_name',false);
		g_form.setDisplay('sra_environment',false);
		g_form.setDisplay('host_environment',true);
		g_form.setDisplay('hardware_preset',true);
		g_form.setDisplay('backup_type',true);
		g_form.setDisplay('disk_size',true);
		g_form.setDisplay('disk0_size',false);
		
		console.log("=g_form.getValue('diskTotal') :"+ g_form.getValue('disk_total'));
		for(i=1;i<=parseInt(g_form.getValue('disk_total'));i++)
			{
				console.log("=g_form.getValue('diskTotal') :"+ g_form.getValue('disk_total'));
					g_form.setDisplay('disk'+i+'_size',true);
			}
		for(i=parseInt(g_form.getValue('disk_total'));10>i;i++)
			{
					g_form.setDisplay('disk'+i+'_size',false);
			}
		
		
		
		for(i=0;i<parseInt(g_form.getValue('NICCOUNT'));i++)
			{
					g_form.setDisplay('NIC'+i+'Connection',true);
			}
		for(i=parseInt(g_form.getValue('NICCOUNT'));10>i;i++)
			{
					g_form.setDisplay('NIC'+i+'Connection',false);
			}
		
		/*g_form.setDisplay('disk2_size',true);
		g_form.setDisplay('disk3_size',true);
		g_form.setDisplay('disk4_size',true);
		g_form.setDisplay('disk5_size',true);
		g_form.setDisplay('disk6_size',true);
		g_form.setDisplay('disk7_size',true);
		g_form.setDisplay('disk8_size',true);
		g_form.setDisplay('disk9_size',true);*/
		g_form.setDisplay('hardware_type',true);
		g_form.setDisplay('reference',false);
		g_form.setDisplay('serviceRequestId',false);
		g_form.setDisplay('portal_type',false);
		g_form.setDisplay('domain_number',true);
		g_form.setDisplay('subscription_email',true);
		g_form.setDisplay('os_name',true);
		g_form.setDisplay('managed_by',true);
		g_form.setDisplay('function_name',true);
		g_form.setDisplay('site_id',true);
		g_form.setDisplay('customer',false);
		g_form.setDisabled('disk_allowled',true);
		g_form.setDisabled('taskType',true);
		g_form.setDisplay('taskType',false);
		g_form.setDisplay('hostname_lc',false);
		g_form.setDisplay('locations',true);
		g_form.setDisplay('NetworkConnection',true);
		g_form.setDisplay('OutageDay',true);
		g_form.setDisplay('OutageTime',true);
		g_form.setDisplay('Tags',true);
		g_form.setDisplay('PrivilagedUsers',true);
		g_form.setDisplay('BusinessEntity',true);
		g_form.setDisplay('OSPatchTime',true);
		g_form.setDisplay('OSPatchDay',true);
		g_form.setDisplay('currentSet',false);
		g_form.setDisplay('u_hwpreset',true);
		g_form.setDisabled('u_hwpreset',false);
		g_form.setDisplay('NICCOUNT',false);
		g_form.setDisplay('enableSRM',true);
		g_form.setDisplay('vmNsxSecTag1',true);
		g_form.setDisplay('vmNsxSecTag2',true);
		g_form.setDisplay('vmNsxSecTag3',true);
		g_form.setDisplay('vmNsxSecTag4',true);
		g_form.setDisplay('Tags',true);
		g_form.setDisplay('osPatchDay',true);
		g_form.setDisplay('osPatchTime',true);
		g_form.setDisplay('PrivilagedUser',true);
		g_form.setDisplay('subscriptionDescription',true);
		g_form.setDisplay('backupType',true);
		g_form.setDisplay('backupMethod',true);
		g_form.setDisplay('backupPolicy',true);
		g_form.setDisplay('backupWindow',true);
		g_form.setDisplay('CIImpact',true);
		g_form.setDisplay('CISupportTier',true);
		g_form.setDisplay('enableBackup',true);
		g_form.setValue('enableBackup', 'Yes');
		g_form.setDisplay('enableFirewall',true);
		g_form.setValue('enableFirewall', 'Yes');
		g_form.setDisplay('securityzone',true);
		g_form.setDisplay('BusinessInformation',true);
		g_form.setDisplay('BillingCode',true);
		g_form.setDisplay('associatedLB',true);
		
		if(g_form.getValue('u_hwpreset') == 'custom')
			{
				console.log("display ram and cpu fields g_form.getValue('u_hwpreset') : "+g_form.getValue('u_hwpreset'));
					g_form.setDisplay('memoryGB',true);
					g_form.setDisplay('CPUCount',true);
					g_form.setDisplay('disk0_size',true);
			}
		else
			{
				console.log("hiding ram and cpu g_form.getValue('u_hwpreset') : "+g_form.getValue('u_hwpreset'));
					g_form.setDisplay('memoryGB',false);
					g_form.setDisplay('CPUCount',false);
					g_form.setDisplay('disk0_size',false);
					g_form.setValue('memoryGB', '#NULL#');
					g_form.setValue('CPUCount', '#NULL#');
					g_form.setValue('disk0_size', '#NULL#');
			}
		
		
		
	}
	else if(newValue == 'Modify'){
		g_form.setDisplay('subscriptionID',true);
		g_form.setDisplay('subscriptionName',false);
		g_form.setMandatory('subscription_name',true);
		g_form.setDisplay('subscription_name',true);
		g_form.setDisplay('sra_environment',false);
		g_form.setDisplay('host_environment',false);
		g_form.setDisplay('hardware_preset',true);
		g_form.setDisplay('backup_type',true);
		g_form.setDisplay('disk0_size',false);
		console.log("=g_form.getValue('diskTotal') :"+ g_form.getValue('disk_total'));
		for(i=1;i<parseInt(g_form.getValue('disk_total'));i++)
			{
					g_form.setDisplay('disk'+i+'_size',true);
			}
		for(i=parseInt(g_form.getValue('disk_total'));10>i;i++)
			{
					g_form.setDisplay('disk'+i+'_size',false);
			}
		
		
		for(i=0;i<parseInt(g_form.getValue('NICCOUNT'));i++)
			{
					g_form.setDisplay('NIC'+i+'Connection',true);
			}
		for(i=parseInt(g_form.getValue('NICCOUNT'));10>i;i++)
			{
					g_form.setDisplay('NIC'+i+'Connection',false);
			}
		
		
		
		/*g_form.setDisplay('disk2_size',true);
		g_form.setDisplay('disk3_size',true);
		g_form.setDisplay('disk4_size',true);
		g_form.setDisplay('disk5_size',true);
		g_form.setDisplay('disk6_size',true);
		g_form.setDisplay('disk7_size',true);
		g_form.setDisplay('disk8_size',true);
		g_form.setDisplay('disk9_size',true);*/
		g_form.setDisplay('hardware_type',false);
		g_form.setDisplay('reference',true);
		g_form.setDisplay('serviceRequestId',true);
		g_form.setDisplay('portal_type',true);
		g_form.setDisplay('domain_number',false);
		g_form.setDisplay('subscription_email',true);
		g_form.setDisplay('os_name',false);
		g_form.setDisplay('managed_by',false);
		g_form.setDisplay('function_name',false);
		g_form.setDisplay('site_id',false);
		g_form.setDisplay('customer',true);
		g_form.setDisabled('disk_allowled',true);
		g_form.setDisabled('taskType',true);
		g_form.setDisplay('taskType',false);
		g_form.setDisplay('hostname_lc',true);
		g_form.setDisplay('locations',false);
		g_form.setDisplay('NetworkConnection',true);
		g_form.setDisplay('OutageDay',true);
		g_form.setDisplay('OutageTime',true);
		g_form.setDisplay('Tags',true);
		g_form.setDisplay('PrivilagedUsers',true);
		g_form.setDisplay('BusinessEntity',true);
		g_form.setDisplay('OSPatchTime',true);
		g_form.setDisplay('OSPatchDay',true);
		g_form.setDisplay('currentSet',true);
		g_form.setDisabled('currentSet',true);
		g_form.setDisplay('u_hwpreset',true);
		g_form.setDisabled('u_hwpreset',false);
		g_form.setDisplay('NICCOUNT',false);
		g_form.setDisplay('enableSRM',true);
		g_form.setDisplay('vmNsxSecTag1',true);
		g_form.setDisplay('vmNsxSecTag2',true);
		g_form.setDisplay('vmNsxSecTag3',true);
		g_form.setDisplay('vmNsxSecTag4',true);
		g_form.setDisplay('Tags',true);
		g_form.setDisplay('osPatchDay',true);
		g_form.setDisplay('osPatchTime',true);
		g_form.setDisplay('PrivilagedUser',true);
		g_form.setDisplay('subscriptionDescription',true);
		g_form.setDisplay('backupType',true);
		g_form.setDisplay('backupMethod',true);
		g_form.setDisplay('backupPolicy',true);
		g_form.setDisplay('backupWindow',true);
		g_form.setDisplay('CIImpact',true);
		g_form.setDisplay('CISupportTier',true);
		g_form.setDisplay('enableBackup',true);
		g_form.setDisplay('enableFirewall',true);
		g_form.setDisplay('securityzone',true);
		g_form.setDisplay('BusinessInformation',true);
		g_form.setDisplay('BillingCode',true);
		g_form.setDisplay('associatedLB',true);
		if(g_form.getValue('u_hwpreset') == 'custom')
			{
				console.log("display ram and cpu fields g_form.getValue('u_hwpreset') : "+g_form.getValue('u_hwpreset'));
					g_form.setDisplay('memoryGB',true);
					g_form.setDisplay('CPUCount',true);
					g_form.setDisplay('disk0_size',true);
			}
		else
			{
				console.log("hiding ram and cpu g_form.getValue('u_hwpreset') : "+g_form.getValue('u_hwpreset'));
					g_form.setDisplay('memoryGB',false);
					g_form.setDisplay('CPUCount',false);
					g_form.setDisplay('disk0_size',false);
					g_form.setValue('memoryGB', '#NULL#');
					g_form.setValue('CPUCount', '#NULL#');
					g_form.setValue('disk0_size', '#NULL#');
			}
		
	}
	else if(newValue == 'Decommission'){
		g_form.setDisplay('subscriptionID',true);
		g_form.setDisplay('subscriptionName',false);
		g_form.setDisplay('subscription_name',true);
		g_form.setMandatory('subscription_name',true);
		g_form.setDisplay('sra_environment',false);
		g_form.setDisplay('host_environment',false);
		g_form.setDisplay('backup_type',false);
		g_form.setDisplay('disk0_size',false);
		console.log("=g_form.getValue('diskTotal') :"+ g_form.getValue('disk_total'));
		for(i=0;i<10;i++)
			{
					g_form.setDisplay('disk'+i+'_size',false);
			}
		for(i=0;i<10;i++)
			{
					g_form.setDisplay('NIC'+i+'Connection',false);
			}
		
		/*g_form.setDisplay('disk1_size',false);
		g_form.setDisplay('disk2_size',false);
		g_form.setDisplay('disk3_size',false);
		g_form.setDisplay('disk4_size',false);
		g_form.setDisplay('disk5_size',false);
		g_form.setDisplay('disk6_size',false);
		g_form.setDisplay('disk7_size',false);
		g_form.setDisplay('disk8_size',false);
		g_form.setDisplay('disk9_size',false);*/
		g_form.setDisplay('hardware_type',true);
		g_form.setDisplay('reference',true);
		g_form.setDisplay('serviceRequestId',true);
		g_form.setDisplay('portal_type',false);
		g_form.setDisplay('domain_number',false);
		g_form.setDisplay('subscription_email',false);
		g_form.setDisplay('os_name',true);
		g_form.setDisplay('managed_by',false);
		g_form.setDisplay('function_name',false);
		g_form.setDisplay('site_id',false);
		g_form.setDisplay('customer',true);
		g_form.setDisabled('disk_allowled',false);
		g_form.setDisabled('taskType',true);
		g_form.setDisplay('taskType',false);
		g_form.setDisplay('hostname_lc',true);
		g_form.setDisplay('locations',false);
		g_form.setDisplay('NetworkConnection',false);
		g_form.setDisplay('OutageDay',false);
		g_form.setDisplay('OutageTime',false);
		g_form.setDisplay('Tags',false);
		g_form.setDisplay('PrivilagedUsers',false);
		g_form.setDisplay('BusinessEntity',false);
		g_form.setDisplay('OSPatchTime',false);
		g_form.setDisplay('OSPatchDay',false);
		g_form.setDisplay('currentSet',false);
		g_form.setDisplay('u_hwpreset',true);
		g_form.setDisabled('u_hwpreset',true);
		g_form.setDisplay('NICCOUNT',false);
		g_form.setDisplay('enableSRM',false);
		g_form.setDisplay('vmNsxSecTag1',false);
		g_form.setDisplay('vmNsxSecTag2',false);
		g_form.setDisplay('vmNsxSecTag3',false);
		g_form.setDisplay('vmNsxSecTag4',false);
		g_form.setDisplay('Tags',false);
		g_form.setDisplay('osPatchDay',false);
		g_form.setDisplay('osPatchTime',false);
		g_form.setDisplay('PrivilagedUser',false);
		g_form.setDisplay('subscriptionDescription',true);
		g_form.setDisplay('backupType',false);
		g_form.setDisplay('backupMethod',false);
		g_form.setDisplay('backupPolicy',false);
		g_form.setDisplay('backupWindow',false);
		g_form.setDisplay('CIImpact',false);
		g_form.setDisplay('CISupportTier',false);
		g_form.setDisplay('enableBackup',false);
		g_form.setDisplay('enableFirewall',false);
		g_form.setDisplay('securityzone',false);
		g_form.setDisplay('BusinessInformation',false);
		g_form.setDisplay('BillingCode',false);
		g_form.setDisplay('associatedLB',false);
	}
	else if(newValue == 'Action'){
		g_form.setDisplay('subscriptionID',true);
		g_form.setDisplay('subscriptionName',false);
		g_form.setDisplay('subscription_name',true);
		g_form.setMandatory('subscription_name',true);
		g_form.setDisplay('sra_environment',false);
		g_form.setDisplay('host_environment',false);
		g_form.setDisplay('backup_type',false);
		g_form.setDisplay('disk0_size',false);
		console.log("=g_form.getValue('diskTotal') :"+ g_form.getValue('disk_total'));
		for(i=0;i<10;i++)
			{
					g_form.setDisplay('disk'+i+'_size',false);
			}
		for(i=0;i<10;i++)
			{
					g_form.setDisplay('NIC'+i+'Connection',false);
			}
		
		/*g_form.setDisplay('disk1_size',false);
		g_form.setDisplay('disk2_size',false);
		g_form.setDisplay('disk3_size',false);
		g_form.setDisplay('disk4_size',false);
		g_form.setDisplay('disk5_size',false);
		g_form.setDisplay('disk6_size',false);
		g_form.setDisplay('disk7_size',false);
		g_form.setDisplay('disk8_size',false);
		g_form.setDisplay('disk9_size',false);*/
		g_form.setDisplay('hardware_type',false);
		g_form.setDisplay('reference',true);
		g_form.setDisplay('serviceRequestId',true);
		g_form.setDisplay('portal_type',true);
		g_form.setDisplay('domain_number',false);
		g_form.setDisplay('subscription_email',false);
		g_form.setDisplay('os_name',false);
		g_form.setDisplay('managed_by',false);
		g_form.setDisplay('function_name',false);
		g_form.setDisplay('site_id',false);
		g_form.setDisplay('customer',true);
		g_form.setDisabled('disk_allowled',false);
		g_form.setDisabled('taskType',false);
		g_form.setDisplay('taskType',true);
		g_form.setDisplay('hostname_lc',true);
		g_form.setDisplay('locations',false);
		g_form.setDisplay('NetworkConnection',false);
		g_form.setDisplay('OutageDay',false);
		g_form.setDisplay('OutageTime',false);
		g_form.setDisplay('Tags',false);
		g_form.setDisplay('PrivilagedUsers',false);
		g_form.setDisplay('BusinessEntity',false);
		g_form.setDisplay('OSPatchTime',false);
		g_form.setDisplay('OSPatchDay',false);
		g_form.setDisplay('currentSet',false);
		g_form.setDisplay('u_hwpreset',true);
		g_form.setDisabled('u_hwpreset',true);
		g_form.setDisplay('NICCOUNT',false);
		g_form.setDisplay('enableSRM',false);
		g_form.setDisplay('vmNsxSecTag1',false);
		g_form.setDisplay('vmNsxSecTag2',false);
		g_form.setDisplay('vmNsxSecTag3',false);
		g_form.setDisplay('vmNsxSecTag4',false);
		g_form.setDisplay('Tags',false);
		g_form.setDisplay('osPatchDay',false);
		g_form.setDisplay('osPatchTime',false);
		g_form.setDisplay('PrivilagedUser',false);
		g_form.setDisplay('subscriptionDescription',false);
		g_form.setDisplay('backupType',false);
		g_form.setDisplay('backupMethod',false);
		g_form.setDisplay('backupPolicy',false);
		g_form.setDisplay('backupWindow',false);
		g_form.setDisplay('CIImpact',false);
		g_form.setDisplay('CISupportTier',false);
		g_form.setDisplay('enableBackup',false);
		g_form.setDisplay('enableFirewall',false);
		g_form.setDisplay('securityzone',false);
		g_form.setDisplay('BusinessInformation',false);
		g_form.setDisplay('BillingCode',false);
		g_form.setDisplay('associatedLB',false);
		
		
		
		
	}
}

]]></script>
        <sys_class_name>catalog_script_client</sys_class_name>
        <sys_created_by>admin</sys_created_by>
        <sys_created_on>2018-10-25 16:52:57</sys_created_on>
        <sys_domain>global</sys_domain>
        <sys_domain_path>/</sys_domain_path>
        <sys_id>544159f2db5923001dde0181ca96190b</sys_id>
        <sys_mod_count>0</sys_mod_count>
        <sys_name>Manage fields based on Phase</sys_name>
        <sys_overrides/>
        <sys_package display_value="NeedIt" source="x_58872_needit">6ead8e780f603200cd674f8ce1050ed1</sys_package>
        <sys_policy/>
        <sys_scope display_value="NeedIt">6ead8e780f603200cd674f8ce1050ed1</sys_scope>
        <sys_update_name>catalog_script_client_544159f2db5923001dde0181ca96190b</sys_update_name>
        <sys_updated_by>admin</sys_updated_by>
        <sys_updated_on>2018-10-25 16:52:57</sys_updated_on>
        <table/>
        <type>onChange</type>
        <ui_type>0</ui_type>
        <variable_set/>
        <view/>
    </catalog_script_client>
</record_update>
