<?xml version="1.0" encoding="UTF-8"?>
<record_update table="catalog_ui_policy_action">
    <catalog_ui_policy_action action="INSERT_OR_UPDATE">
        <catalog_item display_value="MSV CM VM Base">f431ddb2db5923001dde0181ca9619a5</catalog_item>
        <catalog_variable>IO:0531d1f2db5923001dde0181ca9619c3</catalog_variable>
        <disabled>false</disabled>
        <field/>
        <mandatory>false</mandatory>
        <sys_class_name>catalog_ui_policy_action</sys_class_name>
        <sys_created_by>admin</sys_created_by>
        <sys_created_on>2018-10-25 16:52:57</sys_created_on>
        <sys_id>2c4159f2db5923001dde0181ca961963</sys_id>
        <sys_mod_count>0</sys_mod_count>
        <sys_name>currentSet</sys_name>
        <sys_package display_value="NeedIt" source="x_58872_needit">6ead8e780f603200cd674f8ce1050ed1</sys_package>
        <sys_policy/>
        <sys_scope display_value="NeedIt">6ead8e780f603200cd674f8ce1050ed1</sys_scope>
        <sys_update_name>catalog_ui_policy_action_2c4159f2db5923001dde0181ca961963</sys_update_name>
        <sys_updated_by>admin</sys_updated_by>
        <sys_updated_on>2018-10-25 16:52:57</sys_updated_on>
        <table/>
        <ui_policy display_value="MSV 7.4 VM Base">284159f2db5923001dde0181ca961954</ui_policy>
        <variable>currentSet</variable>
        <variable_set/>
        <visible>false</visible>
    </catalog_ui_policy_action>
</record_update>
