<?xml version="1.0" encoding="UTF-8"?>
<record_update table="catalog_ui_policy_action">
    <catalog_ui_policy_action action="INSERT_OR_UPDATE">
        <catalog_item display_value="ZZZ MSO VM v2.0 Dutch">44b8009f4fb31300b6bec4b18110c7b0</catalog_item>
        <catalog_variable>IO:c0b884df4fb31300b6bec4b18110c793</catalog_variable>
        <disabled>true</disabled>
        <field/>
        <mandatory>ignore</mandatory>
        <sys_class_name>catalog_ui_policy_action</sys_class_name>
        <sys_created_by>admin</sys_created_by>
        <sys_created_on>2018-08-13 11:18:46</sys_created_on>
        <sys_id>59b808df4fb31300b6bec4b18110c723</sys_id>
        <sys_mod_count>0</sys_mod_count>
        <sys_name>u_hwpreset</sys_name>
        <sys_package display_value="NeedIt" source="x_58872_needit">6ead8e780f603200cd674f8ce1050ed1</sys_package>
        <sys_policy/>
        <sys_scope display_value="NeedIt">6ead8e780f603200cd674f8ce1050ed1</sys_scope>
        <sys_update_name>catalog_ui_policy_action_59b808df4fb31300b6bec4b18110c723</sys_update_name>
        <sys_updated_by>admin</sys_updated_by>
        <sys_updated_on>2018-08-13 11:18:46</sys_updated_on>
        <table/>
        <ui_policy display_value="Phase is decommission">55b808df4fb31300b6bec4b18110c721</ui_policy>
        <variable>u_hwpreset</variable>
        <variable_set/>
        <visible>false</visible>
    </catalog_ui_policy_action>
</record_update>
