<?xml version="1.0" encoding="UTF-8"?>
<record_update table="catalog_ui_policy_action">
    <catalog_ui_policy_action action="INSERT_OR_UPDATE">
        <catalog_item display_value="ZZZ Backup MSO LB v2.0">91283f804fe06b00b6bec4b18110c745</catalog_item>
        <catalog_variable>IO:fecd37b94fc71300b6bec4b18110c759</catalog_variable>
        <disabled>true</disabled>
        <field/>
        <mandatory>false</mandatory>
        <sys_class_name>catalog_ui_policy_action</sys_class_name>
        <sys_created_by>admin</sys_created_by>
        <sys_created_on>2018-09-10 09:12:07</sys_created_on>
        <sys_id>1b38b7084fe06b00b6bec4b18110c7d8</sys_id>
        <sys_mod_count>0</sys_mod_count>
        <sys_name>hardware_preset</sys_name>
        <sys_package display_value="NeedIt" source="x_58872_needit">6ead8e780f603200cd674f8ce1050ed1</sys_package>
        <sys_policy/>
        <sys_scope display_value="NeedIt">6ead8e780f603200cd674f8ce1050ed1</sys_scope>
        <sys_update_name>catalog_ui_policy_action_1b38b7084fe06b00b6bec4b18110c7d8</sys_update_name>
        <sys_updated_by>admin</sys_updated_by>
        <sys_updated_on>2018-09-10 09:12:07</sys_updated_on>
        <table/>
        <ui_policy display_value="Phase is Modify">0b38b7084fe06b00b6bec4b18110c7a9</ui_policy>
        <variable>hardware_preset</variable>
        <variable_set/>
        <visible>true</visible>
    </catalog_ui_policy_action>
</record_update>
