<?xml version="1.0" encoding="UTF-8"?>
<record_update sys_domain="global" table="catalog_script_client">
    <catalog_script_client action="INSERT_OR_UPDATE">
        <active>true</active>
        <applies_catalog>true</applies_catalog>
        <applies_extended>false</applies_extended>
        <applies_req_item>false</applies_req_item>
        <applies_sc_task>false</applies_sc_task>
        <applies_target_record>false</applies_target_record>
        <applies_to>item</applies_to>
        <cat_item display_value="ZZZ MSO VM v2.0 Dutch">44b8009f4fb31300b6bec4b18110c7b0</cat_item>
        <cat_variable>IO:feda287d4f48a300b6bec4b18110c78a</cat_variable>
        <condition/>
        <description/>
        <field/>
        <global>true</global>
        <messages/>
        <name>highlight enablefirewall</name>
        <order/>
        <script><![CDATA[function onChange(control, oldValue, newValue, isLoading) {
   if (isLoading || newValue == '' || g_form.getValue('currentSet') == '') {
      return;
   }
	var current_set_str = g_form.getValue('currentSet').toString();
	var current_set = current_set_str.evalJSON();
	if(g_form.getValue('phase') == 'Modify' && newValue != current_set.enablefirewall){
		control.style.backgroundColor = 'yellow';
		control.style.color = 'purple';
		console.log("Change disk 1 : "+newValue+" : "+current_set.enablefirewall);
		return;
	}else if(g_form.getValue('phase') == 'Modify' && newValue == current_set.enablefirewall){
		control.style.backgroundColor = '#FFF';
		control.style.color = '#343D47';
		console.log("back to "+newValue+" : "+current_set.enablefirewall);
		return;
	}
   
}]]></script>
        <sys_class_name>catalog_script_client</sys_class_name>
        <sys_created_by>admin</sys_created_by>
        <sys_created_on>2018-08-28 09:41:40</sys_created_on>
        <sys_domain>global</sys_domain>
        <sys_domain_path>/</sys_domain_path>
        <sys_id>5512cd8c4f1c2300b6bec4b18110c7ed</sys_id>
        <sys_mod_count>1</sys_mod_count>
        <sys_name>highlight enablefirewall</sys_name>
        <sys_overrides/>
        <sys_package display_value="NeedIt" source="x_58872_needit">6ead8e780f603200cd674f8ce1050ed1</sys_package>
        <sys_policy/>
        <sys_scope display_value="NeedIt">6ead8e780f603200cd674f8ce1050ed1</sys_scope>
        <sys_update_name>catalog_script_client_5512cd8c4f1c2300b6bec4b18110c7ed</sys_update_name>
        <sys_updated_by>admin</sys_updated_by>
        <sys_updated_on>2018-08-28 09:42:10</sys_updated_on>
        <table/>
        <type>onChange</type>
        <ui_type>0</ui_type>
        <variable_set/>
        <view/>
    </catalog_script_client>
</record_update>
