<?xml version="1.0" encoding="UTF-8"?>
<record_update sys_domain="global" table="catalog_script_client">
    <catalog_script_client action="INSERT_OR_UPDATE">
        <active>true</active>
        <applies_catalog>true</applies_catalog>
        <applies_extended>false</applies_extended>
        <applies_req_item>false</applies_req_item>
        <applies_sc_task>false</applies_sc_task>
        <applies_target_record>false</applies_target_record>
        <applies_to>item</applies_to>
        <cat_item display_value="MSV Managed VMware VM v2.5">c3db64904f646b00b6bec4b18110c702</cat_item>
        <cat_variable>IO:5fb2c544db112300bfd2ab7dca96191b</cat_variable>
        <condition/>
        <description/>
        <field/>
        <global>true</global>
        <messages/>
        <name>Hide RAM and CPU on load</name>
        <order/>
        <script><![CDATA[function onLoad() {
	//Type appropriate comment here, and begin script below
	//if( g_form.getValue('u_hwpreset') != 'custom')
	//	{
		console.log("In on load script for dif variables");
		g_form.setDisplay('CPUCount',false);
		g_form.setDisplay('memoryGB',false);
		g_form.setDisplay('disk0_size',false);
		g_form.setDisplay('disksAllowed',false);
		g_form.setDisplay('backupType',false);
		g_form.setDisplay('backupPolicy',false);
		g_form.setDisplay('backupWindow',false);
		g_form.setDisplay('backupMethod',false);
		//g_form.setValue('enableFirewall', 'No');
		
		
		
		
		//	}
	}]]></script>
        <sys_class_name>catalog_script_client</sys_class_name>
        <sys_created_by>admin</sys_created_by>
        <sys_created_on>2018-10-03 06:15:24</sys_created_on>
        <sys_domain>global</sys_domain>
        <sys_domain_path>/</sys_domain_path>
        <sys_id>3c6b216b4fb4e300b6bec4b18110c727</sys_id>
        <sys_mod_count>21</sys_mod_count>
        <sys_name>Hide RAM and CPU on load</sys_name>
        <sys_overrides/>
        <sys_package display_value="NeedIt" source="x_58872_needit">6ead8e780f603200cd674f8ce1050ed1</sys_package>
        <sys_policy/>
        <sys_scope display_value="NeedIt">6ead8e780f603200cd674f8ce1050ed1</sys_scope>
        <sys_update_name>catalog_script_client_3c6b216b4fb4e300b6bec4b18110c727</sys_update_name>
        <sys_updated_by>admin</sys_updated_by>
        <sys_updated_on>2018-10-30 05:17:57</sys_updated_on>
        <table/>
        <type>onLoad</type>
        <ui_type>0</ui_type>
        <variable_set/>
        <view/>
    </catalog_script_client>
</record_update>
