<?xml version="1.0" encoding="UTF-8"?>
<record_update table="catalog_ui_policy_action">
    <catalog_ui_policy_action action="INSERT_OR_UPDATE">
        <catalog_item/>
        <catalog_variable>IO:f61ef3b94fc71300b6bec4b18110c703</catalog_variable>
        <disabled>ignore</disabled>
        <field/>
        <mandatory>ignore</mandatory>
        <sys_class_name>catalog_ui_policy_action</sys_class_name>
        <sys_created_by>admin</sys_created_by>
        <sys_created_on>2018-07-03 08:40:12</sys_created_on>
        <sys_id>3baa54ca4f0b1300b6bec4b18110c769</sys_id>
        <sys_mod_count>0</sys_mod_count>
        <sys_name>disk1_size</sys_name>
        <sys_package display_value="NeedIt" source="x_58872_needit">6ead8e780f603200cd674f8ce1050ed1</sys_package>
        <sys_policy/>
        <sys_scope display_value="NeedIt">6ead8e780f603200cd674f8ce1050ed1</sys_scope>
        <sys_update_name>catalog_ui_policy_action_3baa54ca4f0b1300b6bec4b18110c769</sys_update_name>
        <sys_updated_by>admin</sys_updated_by>
        <sys_updated_on>2018-07-03 08:40:12</sys_updated_on>
        <table/>
        <ui_policy display_value="Phase is decommission">7326d40a4f0b1300b6bec4b18110c732</ui_policy>
        <variable>disk1_size</variable>
        <variable_set/>
        <visible>false</visible>
    </catalog_ui_policy_action>
</record_update>
