<?xml version="1.0" encoding="UTF-8"?>
<record_update sys_domain="global" table="catalog_script_client">
    <catalog_script_client action="INSERT_OR_UPDATE">
        <active>true</active>
        <applies_catalog>true</applies_catalog>
        <applies_extended>false</applies_extended>
        <applies_req_item>true</applies_req_item>
        <applies_sc_task>true</applies_sc_task>
        <applies_target_record>false</applies_target_record>
        <applies_to>item</applies_to>
        <cat_item/>
        <cat_variable>IO:13eabff54fc71300b6bec4b18110c7e4</cat_variable>
        <condition/>
        <description/>
        <field/>
        <global>true</global>
        <messages/>
        <name>Manage fields based on Phase</name>
        <order/>
        <script><![CDATA[function onChange(control, oldValue, newValue, isLoading) {
	if(newValue == 'Deploy'){
		g_form.setDisplay('subscriptionID',false);
		g_form.setDisplay('subscriptionName',true);
		g_form.setMandatory('subscription_name',false);
		g_form.setDisplay('subscription_name',false);
		g_form.setDisplay('sra_environment',true);
		g_form.setDisplay('host_environment',true);
		g_form.setDisplay('hardware_preset',true);
		g_form.setDisplay('backup_type',true);
		g_form.setDisplay('disk_size',true);
		g_form.setDisplay('disk0_size',false);
		g_form.setDisplay('disk1_size',false);
		g_form.setDisplay('hardware_type',true);
		g_form.setDisplay('reference',false);
		g_form.setDisplay('serviceRequestId',false);
		g_form.setDisplay('portal_type',false);
		g_form.setDisplay('domain_number',true);
		g_form.setDisplay('subscription_email',true);
		g_form.setDisplay('os_name',true);
		g_form.setDisplay('managed_by',true);
		g_form.setDisplay('function_name',true);
		g_form.setDisplay('site_id',true);
		g_form.setDisplay('customer',false);
		g_form.setDisabled('disk_allowled',true);
		g_form.setDisabled('taskType',true);
		g_form.setDisplay('taskType',false);
		g_form.setDisplay('hostname_lc',false);
	}
	else if(newValue == 'Modify'){
		g_form.setDisplay('subscriptionID',true);
		g_form.setDisplay('subscriptionName',false);
		g_form.setMandatory('subscription_name',true);
		g_form.setDisplay('subscription_name',true);
		g_form.setDisplay('sra_environment',true);
		g_form.setDisplay('host_environment',false);
		g_form.setDisplay('hardware_preset',true);
		g_form.setDisplay('backup_type',true);
		g_form.setDisplay('disk_size',false);
		g_form.setDisplay('disk0_size',true);
		g_form.setDisplay('disk1_size',true);
		g_form.setDisplay('hardware_type',false);
		g_form.setDisplay('reference',true);
		g_form.setDisplay('serviceRequestId',true);
		g_form.setDisplay('portal_type',true);
		g_form.setDisplay('domain_number',false);
		g_form.setDisplay('subscription_email',true);
		g_form.setReadOnly('subscription_email',true);
		g_form.setDisplay('os_name',false);
		g_form.setDisplay('managed_by',false);
		g_form.setDisplay('function_name',false);
		g_form.setDisplay('site_id',false);
		g_form.setDisplay('customer',true);
		g_form.setDisabled('disk_allowled',true);
		g_form.setDisabled('taskType',true);
		g_form.setDisplay('taskType',false);
		g_form.setDisplay('hostname_lc',true);
		
	}
	else if(newValue == 'Decommission'){
		g_form.setDisplay('subscriptionID',true);
		g_form.setDisplay('subscriptionName',false);
		g_form.setDisplay('subscription_name',true);
		g_form.setMandatory('subscription_name',true);
		g_form.setDisplay('sra_environment',true);
		g_form.setDisplay('host_environment',false);
		g_form.setDisplay('backup_type',false);
		g_form.setDisplay('disk_size',false);
		g_form.setDisplay('disk0_size',false);
		g_form.setDisplay('disk1_size',false);
		g_form.setDisplay('hardware_type',false);
		g_form.setDisplay('reference',true);
		g_form.setDisplay('serviceRequestId',true);
		g_form.setDisplay('portal_type',true);
		g_form.setDisplay('domain_number',false);
		g_form.setDisplay('subscription_email',true);
		g_form.setDisplay('os_name',false);
		g_form.setDisplay('managed_by',false);
		g_form.setDisplay('function_name',false);
		g_form.setDisplay('site_id',false);
		g_form.setDisplay('customer',true);
		g_form.setDisabled('disk_allowled',false);
		g_form.setDisabled('taskType',true);
		g_form.setDisplay('taskType',false);
		g_form.setDisplay('hostname_lc',true);
	}
	else if(newValue == 'Action'){
		g_form.setDisplay('subscriptionID',true);
		g_form.setDisplay('subscriptionName',false);
		g_form.setDisplay('subscription_name',true);
		g_form.setMandatory('subscription_name',true);
		g_form.setDisplay('sra_environment',true);
		g_form.setDisplay('host_environment',false);
		g_form.setDisplay('backup_type',false);
		g_form.setDisplay('disk_size',false);
		g_form.setDisplay('disk0_size',false);
		g_form.setDisplay('disk1_size',false);
		g_form.setDisplay('hardware_type',false);
		g_form.setDisplay('reference',true);
		g_form.setDisplay('serviceRequestId',true);
		g_form.setDisplay('portal_type',true);
		g_form.setDisplay('domain_number',false);
		g_form.setDisplay('subscription_email',true);
		g_form.setDisplay('os_name',false);
		g_form.setDisplay('managed_by',false);
		g_form.setDisplay('function_name',false);
		g_form.setDisplay('site_id',false);
		g_form.setDisplay('customer',true);
		g_form.setDisabled('disk_allowled',false);
		g_form.setDisabled('taskType',false);
		g_form.setDisplay('taskType',true);
		g_form.setDisplay('hostname_lc',true);
	}
}

]]></script>
        <sys_class_name>catalog_script_client</sys_class_name>
        <sys_created_by>admin</sys_created_by>
        <sys_created_on>2018-08-06 09:20:10</sys_created_on>
        <sys_domain>global</sys_domain>
        <sys_domain_path>/</sys_domain_path>
        <sys_id>134aef784fff5300b6bec4b18110c7dd</sys_id>
        <sys_mod_count>1</sys_mod_count>
        <sys_name>Manage fields based on Phase</sys_name>
        <sys_overrides/>
        <sys_package display_value="NeedIt" source="x_58872_needit">6ead8e780f603200cd674f8ce1050ed1</sys_package>
        <sys_policy/>
        <sys_scope display_value="NeedIt">6ead8e780f603200cd674f8ce1050ed1</sys_scope>
        <sys_update_name>catalog_script_client_134aef784fff5300b6bec4b18110c7dd</sys_update_name>
        <sys_updated_by>admin</sys_updated_by>
        <sys_updated_on>2018-08-10 06:52:26</sys_updated_on>
        <table/>
        <type>onChange</type>
        <ui_type>0</ui_type>
        <variable_set/>
        <view/>
    </catalog_script_client>
</record_update>
