<?xml version="1.0" encoding="UTF-8"?>
<record_update sys_domain="global" table="catalog_ui_policy">
    <catalog_ui_policy action="INSERT_OR_UPDATE">
        <active>true</active>
        <applies_catalog>true</applies_catalog>
        <applies_req_item>true</applies_req_item>
        <applies_sc_task>true</applies_sc_task>
        <applies_target_record>false</applies_target_record>
        <applies_to>item</applies_to>
        <catalog_conditions>IO:e328b3084fe06b00b6bec4b18110c707=Modify^EQ</catalog_conditions>
        <catalog_item display_value="ZZZ Backup MSO LB v2.0">91283f804fe06b00b6bec4b18110c745</catalog_item>
        <conditions/>
        <description/>
        <global>true</global>
        <inherit>false</inherit>
        <model_id/>
        <model_table/>
        <on_load>true</on_load>
        <order>100</order>
        <reverse_if_false>false</reverse_if_false>
        <run_scripts>false</run_scripts>
        <script_false><![CDATA[function onCondition() {

}]]></script_false>
        <script_true><![CDATA[function onCondition() {

}]]></script_true>
        <set_values/>
        <short_description>Phase is Modify</short_description>
        <sys_class_name>catalog_ui_policy</sys_class_name>
        <sys_created_by>admin</sys_created_by>
        <sys_created_on>2018-09-10 09:12:06</sys_created_on>
        <sys_domain>global</sys_domain>
        <sys_domain_path>/</sys_domain_path>
        <sys_id>0b38b7084fe06b00b6bec4b18110c7a9</sys_id>
        <sys_mod_count>0</sys_mod_count>
        <sys_name>Phase is Modify</sys_name>
        <sys_overrides/>
        <sys_package display_value="NeedIt" source="x_58872_needit">6ead8e780f603200cd674f8ce1050ed1</sys_package>
        <sys_policy/>
        <sys_scope display_value="NeedIt">6ead8e780f603200cd674f8ce1050ed1</sys_scope>
        <sys_update_name>catalog_ui_policy_0b38b7084fe06b00b6bec4b18110c7a9</sys_update_name>
        <sys_updated_by>admin</sys_updated_by>
        <sys_updated_on>2018-09-10 09:12:06</sys_updated_on>
        <table/>
        <ui_type>0</ui_type>
        <variable_set/>
        <view/>
    </catalog_ui_policy>
</record_update>
