<?xml version="1.0" encoding="UTF-8"?>
<record_update table="catalog_ui_policy_action">
    <catalog_ui_policy_action action="INSERT_OR_UPDATE">
        <catalog_item/>
        <catalog_variable>IO:0d72cc0e4fc71300b6bec4b18110c74a</catalog_variable>
        <disabled>ignore</disabled>
        <field/>
        <mandatory>ignore</mandatory>
        <sys_class_name>catalog_ui_policy_action</sys_class_name>
        <sys_created_by>admin</sys_created_by>
        <sys_created_on>2018-07-03 09:00:15</sys_created_on>
        <sys_id>4acf988e4f0b1300b6bec4b18110c721</sys_id>
        <sys_mod_count>0</sys_mod_count>
        <sys_name>os_name</sys_name>
        <sys_package display_value="NeedIt" source="x_58872_needit">6ead8e780f603200cd674f8ce1050ed1</sys_package>
        <sys_policy/>
        <sys_scope display_value="NeedIt">6ead8e780f603200cd674f8ce1050ed1</sys_scope>
        <sys_update_name>catalog_ui_policy_action_4acf988e4f0b1300b6bec4b18110c721</sys_update_name>
        <sys_updated_by>admin</sys_updated_by>
        <sys_updated_on>2018-07-03 09:00:15</sys_updated_on>
        <table/>
        <ui_policy display_value="Phase is Modify">02be184e4f0b1300b6bec4b18110c7e6</ui_policy>
        <variable>os_name</variable>
        <variable_set/>
        <visible>false</visible>
    </catalog_ui_policy_action>
</record_update>
