<?xml version="1.0" encoding="UTF-8"?>
<record_update sys_domain="global" table="catalog_script_client">
    <catalog_script_client action="INSERT_OR_UPDATE">
        <active>true</active>
        <applies_catalog>true</applies_catalog>
        <applies_extended>false</applies_extended>
        <applies_req_item>false</applies_req_item>
        <applies_sc_task>false</applies_sc_task>
        <applies_target_record>false</applies_target_record>
        <applies_to>item</applies_to>
        <cat_item display_value="MSV CM VM Base">f431ddb2db5923001dde0181ca9619a5</cat_item>
        <cat_variable>IO:753115f2db5923001dde0181ca9619f5</cat_variable>
        <condition/>
        <description/>
        <field/>
        <global>true</global>
        <messages/>
        <name>custom hardware preset</name>
        <order/>
        <script><![CDATA[function onChange(control, oldValue, newValue, isLoading) {
   if (isLoading || newValue == '') {
      return;
   }

   //Type appropriate comment here, and begin script below
	
		var current_set_str = '';
	var current_set = '';
	console.log("ebnable Firewall: "+ newValue);
	if(g_form.getValue('phase') == 'Modify' || g_form.getValue('phase') == 'Decommission'){
			current_set_str = g_form.getValue('currentSet').toString();
			current_set = current_set_str.evalJSON();
		}

	
	if((g_form.getValue('phase') == 'Modify' || g_form.getValue('phase') == 'Deploy') && newValue == "custom"){
		console.log("hardware perset : "+newValue+" : ");
//ESG		g_form.setDisplay('memoryGB',true);
//ESG		g_form.setDisplay('CPUCount',true);
		g_form.setDisplay('disk0_size',true);
//ESG		g_form.setValue('memoryGB',current_set.memorygb);
//ESG		g_form.setValue('CPUCount',current_set.cpucount);
		g_form.setValue('disk0_size','0-0');
		return;
		
	}else if(g_form.getValue('phase') == 'Modify' || g_form.getValue('phase') == 'Deploy'){
//ESG		g_form.setDisplay('memoryGB',false);
//ESG		g_form.setDisplay('CPUCount',false);
		g_form.setDisplay('disk0_size',false);
//ESG		g_form.setValue('memoryGB', '#NULL#');
//ESG		g_form.setValue('CPUCount', '#NULL#');
		g_form.setValue('disk0_size', '#NULL#');
		return;
	}
   
}]]></script>
        <sys_class_name>catalog_script_client</sys_class_name>
        <sys_created_by>admin</sys_created_by>
        <sys_created_on>2018-10-25 16:52:57</sys_created_on>
        <sys_domain>global</sys_domain>
        <sys_domain_path>/</sys_domain_path>
        <sys_id>604159f2db5923001dde0181ca961925</sys_id>
        <sys_mod_count>6</sys_mod_count>
        <sys_name>custom hardware preset</sys_name>
        <sys_overrides/>
        <sys_package display_value="NeedIt" source="x_58872_needit">6ead8e780f603200cd674f8ce1050ed1</sys_package>
        <sys_policy/>
        <sys_scope display_value="NeedIt">6ead8e780f603200cd674f8ce1050ed1</sys_scope>
        <sys_update_name>catalog_script_client_604159f2db5923001dde0181ca961925</sys_update_name>
        <sys_updated_by>admin</sys_updated_by>
        <sys_updated_on>2018-10-25 21:32:10</sys_updated_on>
        <table/>
        <type>onChange</type>
        <ui_type>0</ui_type>
        <variable_set/>
        <view/>
    </catalog_script_client>
</record_update>
