<?xml version="1.0" encoding="UTF-8"?>
<record_update table="catalog_ui_policy_action">
    <catalog_ui_policy_action action="INSERT_OR_UPDATE">
        <catalog_item display_value="ZZZ MSO_Import_VM">367d7ab54ff35300b6bec4b18110c7bf</catalog_item>
        <catalog_variable>IO:937dfab54ff35300b6bec4b18110c781</catalog_variable>
        <disabled>false</disabled>
        <field/>
        <mandatory>true</mandatory>
        <sys_class_name>catalog_ui_policy_action</sys_class_name>
        <sys_created_by>admin</sys_created_by>
        <sys_created_on>2018-08-09 08:37:46</sys_created_on>
        <sys_id>048d3eb54ff35300b6bec4b18110c749</sys_id>
        <sys_mod_count>0</sys_mod_count>
        <sys_name>subscriptionName</sys_name>
        <sys_package display_value="NeedIt" source="x_58872_needit">6ead8e780f603200cd674f8ce1050ed1</sys_package>
        <sys_policy/>
        <sys_scope display_value="NeedIt">6ead8e780f603200cd674f8ce1050ed1</sys_scope>
        <sys_update_name>catalog_ui_policy_action_048d3eb54ff35300b6bec4b18110c749</sys_update_name>
        <sys_updated_by>admin</sys_updated_by>
        <sys_updated_on>2018-08-09 08:37:46</sys_updated_on>
        <table/>
        <ui_policy display_value="Phase is Deploy">848d3eb54ff35300b6bec4b18110c72d</ui_policy>
        <variable>subscriptionName</variable>
        <variable_set/>
        <visible>true</visible>
    </catalog_ui_policy_action>
</record_update>
