<?xml version="1.0" encoding="UTF-8"?>
<record_update sys_domain="global" table="catalog_ui_policy">
    <catalog_ui_policy action="INSERT_OR_UPDATE">
        <active>true</active>
        <applies_catalog>true</applies_catalog>
        <applies_req_item>true</applies_req_item>
        <applies_sc_task>true</applies_sc_task>
        <applies_target_record>false</applies_target_record>
        <applies_to>item</applies_to>
        <catalog_conditions/>
        <catalog_item display_value="MSV CM VM Base">f431ddb2db5923001dde0181ca9619a5</catalog_item>
        <conditions/>
        <description/>
        <global>true</global>
        <inherit>false</inherit>
        <model_id/>
        <model_table/>
        <on_load>true</on_load>
        <order>100</order>
        <reverse_if_false>false</reverse_if_false>
        <run_scripts>false</run_scripts>
        <script_false><![CDATA[function onCondition() {

}]]></script_false>
        <script_true><![CDATA[function onCondition() {

}]]></script_true>
        <set_values/>
        <short_description>MSV 7.4 VM Base</short_description>
        <sys_class_name>catalog_ui_policy</sys_class_name>
        <sys_created_by>admin</sys_created_by>
        <sys_created_on>2018-10-25 16:52:57</sys_created_on>
        <sys_domain>global</sys_domain>
        <sys_domain_path>/</sys_domain_path>
        <sys_id>284159f2db5923001dde0181ca961954</sys_id>
        <sys_mod_count>1</sys_mod_count>
        <sys_name>MSV 7.4 VM Base</sys_name>
        <sys_overrides/>
        <sys_package display_value="NeedIt" source="x_58872_needit">6ead8e780f603200cd674f8ce1050ed1</sys_package>
        <sys_policy/>
        <sys_scope display_value="NeedIt">6ead8e780f603200cd674f8ce1050ed1</sys_scope>
        <sys_update_name>catalog_ui_policy_284159f2db5923001dde0181ca961954</sys_update_name>
        <sys_updated_by>admin</sys_updated_by>
        <sys_updated_on>2018-10-25 17:01:58</sys_updated_on>
        <table/>
        <ui_type>0</ui_type>
        <variable_set/>
        <view/>
    </catalog_ui_policy>
</record_update>
