<?xml version="1.0" encoding="UTF-8"?>
<record_update sys_domain="global" table="catalog_script_client">
    <catalog_script_client action="INSERT_OR_UPDATE">
        <active>true</active>
        <applies_catalog>true</applies_catalog>
        <applies_extended>false</applies_extended>
        <applies_req_item>false</applies_req_item>
        <applies_sc_task>false</applies_sc_task>
        <applies_target_record>false</applies_target_record>
        <applies_to>item</applies_to>
        <cat_item display_value="MSV CM VM Base">f431ddb2db5923001dde0181ca9619a5</cat_item>
        <cat_variable>IO:1d31d1f2db5923001dde0181ca9619fd</cat_variable>
        <condition/>
        <description/>
        <field/>
        <global>true</global>
        <messages/>
        <name>Populate Subscriber Email</name>
        <order/>
        <script><![CDATA[function onChange(control, oldValue, newValue, isLoading) {
	if (isLoading || newValue == '') {
		return;
	}
	
	//Type appropriate comment here, and begin script below
	console.log(newValue);
	var uvCore = new GlideAjax('x_58872_needit.getuvCoredata');
	uvCore.addParam('sysparm_name','getsubsEmail');
	uvCore.addParam('user_id',newValue);
	
	uvCore.getXMLAnswer(updateEmail);
	
	function updateEmail(response2){
		var ans;
		
		console.log("In update Email");
		console.log("################# Response :"+response2);
		ans = response2;
		console.log(ans);
		g_form.setValue('subscription_email',ans);
	}
	
	
}]]></script>
        <sys_class_name>catalog_script_client</sys_class_name>
        <sys_created_by>admin</sys_created_by>
        <sys_created_on>2018-10-25 16:52:56</sys_created_on>
        <sys_domain>global</sys_domain>
        <sys_domain_path>/</sys_domain_path>
        <sys_id>984119f2db5923001dde0181ca9619e4</sys_id>
        <sys_mod_count>0</sys_mod_count>
        <sys_name>Populate Subscriber Email</sys_name>
        <sys_overrides/>
        <sys_package display_value="NeedIt" source="x_58872_needit">6ead8e780f603200cd674f8ce1050ed1</sys_package>
        <sys_policy/>
        <sys_scope display_value="NeedIt">6ead8e780f603200cd674f8ce1050ed1</sys_scope>
        <sys_update_name>catalog_script_client_984119f2db5923001dde0181ca9619e4</sys_update_name>
        <sys_updated_by>admin</sys_updated_by>
        <sys_updated_on>2018-10-25 16:52:56</sys_updated_on>
        <table/>
        <type>onChange</type>
        <ui_type>0</ui_type>
        <variable_set/>
        <view/>
    </catalog_script_client>
</record_update>
