<?xml version="1.0" encoding="UTF-8"?>
<record_update sys_domain="global" table="catalog_script_client">
    <catalog_script_client action="INSERT_OR_UPDATE">
        <active>true</active>
        <applies_catalog>true</applies_catalog>
        <applies_extended>false</applies_extended>
        <applies_req_item>false</applies_req_item>
        <applies_sc_task>false</applies_sc_task>
        <applies_target_record>false</applies_target_record>
        <applies_to>item</applies_to>
        <cat_item display_value="MSV NSX Load Balancer v2.0">d920151a4fd06700b6bec4b18110c705</cat_item>
        <cat_variable>IO:0834b19e4f146700b6bec4b18110c746</cat_variable>
        <condition/>
        <description/>
        <field/>
        <global>true</global>
        <messages/>
        <name>enablelbVIP9</name>
        <order/>
        <script><![CDATA[function onChange(control, oldValue, newValue, isLoading) {
   if (isLoading || newValue == '') {
      return;
   }

  console.log("ebnable Backup: "+ newValue);
	
	if(newValue == 'No' )
		{
			
			g_form.setDisplay('lbVIP9AppName',false);
			g_form.setDisplay('lbVIP9Url',false);
			g_form.setDisplay('lbVIP9Mode',false);
			g_form.setDisplay('lbVIP9Port',false);
			g_form.setDisplay('lbVIP9Method', false);
			
		}
	
	if(newValue == 'Yes' &&  g_form.getValue('phase') != 'Action' && g_form.getValue('phase') != 'Decommission')
		{
			
			g_form.setDisplay('lbVIP9AppName',true);
			g_form.setDisplay('lbVIP9Url',true);
			g_form.setDisplay('lbVIP9Mode',true);
			g_form.setDisplay('lbVIP9Port',true);
			g_form.setDisplay('lbVIP9Method', true);
			
		}

   
}]]></script>
        <sys_class_name>catalog_script_client</sys_class_name>
        <sys_created_by>admin</sys_created_by>
        <sys_created_on>2018-09-05 07:45:01</sys_created_on>
        <sys_domain>global</sys_domain>
        <sys_domain_path>/</sys_domain_path>
        <sys_id>f83431ea4f1c6700b6bec4b18110c755</sys_id>
        <sys_mod_count>1</sys_mod_count>
        <sys_name>enablelbVIP9</sys_name>
        <sys_overrides/>
        <sys_package display_value="NeedIt" source="x_58872_needit">6ead8e780f603200cd674f8ce1050ed1</sys_package>
        <sys_policy/>
        <sys_scope display_value="NeedIt">6ead8e780f603200cd674f8ce1050ed1</sys_scope>
        <sys_update_name>catalog_script_client_f83431ea4f1c6700b6bec4b18110c755</sys_update_name>
        <sys_updated_by>admin</sys_updated_by>
        <sys_updated_on>2018-09-05 08:42:38</sys_updated_on>
        <table/>
        <type>onChange</type>
        <ui_type>0</ui_type>
        <variable_set/>
        <view/>
    </catalog_script_client>
</record_update>
