<?xml version="1.0" encoding="UTF-8"?>
<record_update table="catalog_ui_policy_action">
    <catalog_ui_policy_action action="INSERT_OR_UPDATE">
        <catalog_item display_value="MSV NSX Load Balancer v2.0">d920151a4fd06700b6bec4b18110c705</catalog_item>
        <catalog_variable>IO:443015da4fd06700b6bec4b18110c7b9</catalog_variable>
        <disabled>false</disabled>
        <field/>
        <mandatory>false</mandatory>
        <sys_class_name>catalog_ui_policy_action</sys_class_name>
        <sys_created_by>admin</sys_created_by>
        <sys_created_on>2018-09-04 10:28:52</sys_created_on>
        <sys_id>054099da4fd06700b6bec4b18110c75b</sys_id>
        <sys_mod_count>0</sys_mod_count>
        <sys_name>subscription_email</sys_name>
        <sys_package display_value="NeedIt" source="x_58872_needit">6ead8e780f603200cd674f8ce1050ed1</sys_package>
        <sys_policy/>
        <sys_scope display_value="NeedIt">6ead8e780f603200cd674f8ce1050ed1</sys_scope>
        <sys_update_name>catalog_ui_policy_action_054099da4fd06700b6bec4b18110c75b</sys_update_name>
        <sys_updated_by>admin</sys_updated_by>
        <sys_updated_on>2018-09-04 10:28:52</sys_updated_on>
        <table/>
        <ui_policy display_value="Phase is Deploy">cd4099da4fd06700b6bec4b18110c751</ui_policy>
        <variable>subscription_email</variable>
        <variable_set/>
        <visible>true</visible>
    </catalog_ui_policy_action>
</record_update>
