<?xml version="1.0" encoding="UTF-8"?>
<record_update table="catalog_ui_policy_action">
    <catalog_ui_policy_action action="INSERT_OR_UPDATE">
        <catalog_item display_value="ZZZ MSO_Import_VM">367d7ab54ff35300b6bec4b18110c7bf</catalog_item>
        <catalog_variable>IO:7a7dbab54ff35300b6bec4b18110c7fc</catalog_variable>
        <disabled>true</disabled>
        <field/>
        <mandatory>ignore</mandatory>
        <sys_class_name>catalog_ui_policy_action</sys_class_name>
        <sys_created_by>admin</sys_created_by>
        <sys_created_on>2018-08-09 08:37:46</sys_created_on>
        <sys_id>408d3eb54ff35300b6bec4b18110c781</sys_id>
        <sys_mod_count>0</sys_mod_count>
        <sys_name>u_hwpreset</sys_name>
        <sys_package display_value="NeedIt" source="x_58872_needit">6ead8e780f603200cd674f8ce1050ed1</sys_package>
        <sys_policy/>
        <sys_scope display_value="NeedIt">6ead8e780f603200cd674f8ce1050ed1</sys_scope>
        <sys_update_name>catalog_ui_policy_action_408d3eb54ff35300b6bec4b18110c781</sys_update_name>
        <sys_updated_by>admin</sys_updated_by>
        <sys_updated_on>2018-08-09 08:37:46</sys_updated_on>
        <table/>
        <ui_policy display_value="Phase is decommission">4c8d3eb54ff35300b6bec4b18110c77e</ui_policy>
        <variable>u_hwpreset</variable>
        <variable_set/>
        <visible>false</visible>
    </catalog_ui_policy_action>
</record_update>
