<?xml version="1.0" encoding="UTF-8"?>
<record_update sys_domain="global" table="catalog_script_client">
    <catalog_script_client action="INSERT_OR_UPDATE">
        <active>true</active>
        <applies_catalog>true</applies_catalog>
        <applies_extended>false</applies_extended>
        <applies_req_item>false</applies_req_item>
        <applies_sc_task>false</applies_sc_task>
        <applies_target_record>false</applies_target_record>
        <applies_to>item</applies_to>
        <cat_item display_value="ZZZ Backup MSO LB v2.0">91283f804fe06b00b6bec4b18110c745</cat_item>
        <cat_variable>IO:8c38b3084fe06b00b6bec4b18110c7c5</cat_variable>
        <condition/>
        <description/>
        <field/>
        <global>true</global>
        <messages/>
        <name>Backup Disable</name>
        <order/>
        <script><![CDATA[function onChange(control, oldValue, newValue, isLoading) {
   if (isLoading || newValue == '') {
      return;
   }
	console.log("ebnable Backup: "+ newValue);
	
	if(newValue == 'No')
		{
			g_form.setValue('backupType', 'None');
			g_form.setValue('backupPolicy', 'None');
			g_form.setValue('backupWindow', 'None');
			g_form.setValue('backupMethod', 'None');
			
			g_form.setDisplay('backupType',false);
			g_form.setDisplay('backupPolicy',false);
			g_form.setDisplay('backupWindow',false);
			g_form.setDisplay('backupMethod',false);
			
		}
	
	if(newValue == 'Yes' &&  g_form.getValue('phase') != 'Action' && g_form.getValue('phase') != 'Decommission')
		{
			g_form.setValue('backupType', 'None');
			g_form.setValue('backupPolicy', 'None');
			g_form.setValue('backupWindow', 'None');
			g_form.setValue('backupMethod', 'None');
			
			g_form.setDisplay('backupType',true);
			g_form.setDisplay('backupPolicy',true);
			g_form.setDisplay('backupWindow',true);
			g_form.setDisplay('backupMethod',true);
			
		}

   //Type appropriate comment here, and begin script below
   
}]]></script>
        <sys_class_name>catalog_script_client</sys_class_name>
        <sys_created_by>admin</sys_created_by>
        <sys_created_on>2018-09-10 09:12:05</sys_created_on>
        <sys_domain>global</sys_domain>
        <sys_domain_path>/</sys_domain_path>
        <sys_id>b63877084fe06b00b6bec4b18110c7af</sys_id>
        <sys_mod_count>0</sys_mod_count>
        <sys_name>Backup Disable</sys_name>
        <sys_overrides/>
        <sys_package display_value="NeedIt" source="x_58872_needit">6ead8e780f603200cd674f8ce1050ed1</sys_package>
        <sys_policy/>
        <sys_scope display_value="NeedIt">6ead8e780f603200cd674f8ce1050ed1</sys_scope>
        <sys_update_name>catalog_script_client_b63877084fe06b00b6bec4b18110c7af</sys_update_name>
        <sys_updated_by>admin</sys_updated_by>
        <sys_updated_on>2018-09-10 09:12:05</sys_updated_on>
        <table/>
        <type>onChange</type>
        <ui_type>0</ui_type>
        <variable_set/>
        <view/>
    </catalog_script_client>
</record_update>
