<?xml version="1.0" encoding="UTF-8"?>
<record_update table="catalog_ui_policy_action">
    <catalog_ui_policy_action action="INSERT_OR_UPDATE">
        <catalog_item display_value="MSV NSX Load Balancer v2.0">d920151a4fd06700b6bec4b18110c705</catalog_item>
        <catalog_variable>IO:c32015da4fd06700b6bec4b18110c740</catalog_variable>
        <disabled>true</disabled>
        <field/>
        <mandatory>ignore</mandatory>
        <sys_class_name>catalog_ui_policy_action</sys_class_name>
        <sys_created_by>admin</sys_created_by>
        <sys_created_on>2018-09-04 10:28:51</sys_created_on>
        <sys_id>454099da4fd06700b6bec4b18110c728</sys_id>
        <sys_mod_count>0</sys_mod_count>
        <sys_name>customer</sys_name>
        <sys_package display_value="NeedIt" source="x_58872_needit">6ead8e780f603200cd674f8ce1050ed1</sys_package>
        <sys_policy/>
        <sys_scope display_value="NeedIt">6ead8e780f603200cd674f8ce1050ed1</sys_scope>
        <sys_update_name>catalog_ui_policy_action_454099da4fd06700b6bec4b18110c728</sys_update_name>
        <sys_updated_by>admin</sys_updated_by>
        <sys_updated_on>2018-09-04 10:28:51</sys_updated_on>
        <table/>
        <ui_policy display_value="make SRA Environment , customer, service request id, portal type,  subscription id, reference read only and hide some">744099da4fd06700b6bec4b18110c714</ui_policy>
        <variable>customer</variable>
        <variable_set/>
        <visible>ignore</visible>
    </catalog_ui_policy_action>
</record_update>
