<?xml version="1.0" encoding="UTF-8"?>
<record_update sys_domain="global" table="catalog_script_client">
    <catalog_script_client action="INSERT_OR_UPDATE">
        <active>true</active>
        <applies_catalog>true</applies_catalog>
        <applies_extended>false</applies_extended>
        <applies_req_item>true</applies_req_item>
        <applies_sc_task>true</applies_sc_task>
        <applies_target_record>false</applies_target_record>
        <applies_to>item</applies_to>
        <cat_item display_value="ZZZ get vm info and update uvcore table">bff5da8e4f0f1300b6bec4b18110c7f8</cat_item>
        <cat_variable>IO:080692ce4f0f1300b6bec4b18110c74d</cat_variable>
        <condition/>
        <description/>
        <field/>
        <global>true</global>
        <messages/>
        <name>populate suscription names for a user</name>
        <order/>
        <script><![CDATA[function onChange(control, oldValue, newValue, isLoading) {
	var result ;
	if (isLoading || newValue == '') {
		return;
	}
	else if(g_form.getValue('phase') == 'Modify' || g_form.getValue('phase') == 'Decommission'){
		g_form.clearOptions('subscription_name');
		g_form.addOption('subscription_name', '', '-- None --');
		var uvCore = new GlideAjax('getuvCoreRelatedFields');
		uvCore.addParam('sysparm_name','getsubsNames');
		uvCore.addParam('sysparm_user',g_form.getValue('user'));
		uvCore.getXMLWait();
		var ans = uvCore.getAnswer();
		ans = ans.evalJSON();
		result = ans.output;
		for(i=0;i<=result.length;i++){
			g_form.addOption('subscription_name', result[i],result[i]);
		}
	}
	
}]]></script>
        <sys_class_name>catalog_script_client</sys_class_name>
        <sys_created_by>admin</sys_created_by>
        <sys_created_on>2018-07-03 17:36:37</sys_created_on>
        <sys_domain>global</sys_domain>
        <sys_domain_path>/</sys_domain_path>
        <sys_id>7806d2ce4f0f1300b6bec4b18110c71f</sys_id>
        <sys_mod_count>0</sys_mod_count>
        <sys_name>populate suscription names for a user</sys_name>
        <sys_overrides/>
        <sys_package display_value="NeedIt" source="x_58872_needit">6ead8e780f603200cd674f8ce1050ed1</sys_package>
        <sys_policy/>
        <sys_scope display_value="NeedIt">6ead8e780f603200cd674f8ce1050ed1</sys_scope>
        <sys_update_name>catalog_script_client_7806d2ce4f0f1300b6bec4b18110c71f</sys_update_name>
        <sys_updated_by>admin</sys_updated_by>
        <sys_updated_on>2018-07-03 17:36:37</sys_updated_on>
        <table/>
        <type>onChange</type>
        <ui_type>0</ui_type>
        <variable_set/>
        <view/>
    </catalog_script_client>
</record_update>
