<?xml version="1.0" encoding="UTF-8"?>
<record_update sys_domain="global" table="catalog_script_client">
    <catalog_script_client action="INSERT_OR_UPDATE">
        <active>true</active>
        <applies_catalog>true</applies_catalog>
        <applies_extended>false</applies_extended>
        <applies_req_item>false</applies_req_item>
        <applies_sc_task>false</applies_sc_task>
        <applies_target_record>false</applies_target_record>
        <applies_to>item</applies_to>
        <cat_item display_value="MSV NSX Load Balancer v2.0">d920151a4fd06700b6bec4b18110c705</cat_item>
        <cat_variable/>
        <condition/>
        <description/>
        <field/>
        <global>true</global>
        <messages/>
        <name>onLoad for diff variables</name>
        <order/>
        <script><![CDATA[function onLoad() {
	//Type appropriate comment here, and begin script below
	//if( g_form.getValue('u_hwpreset') != 'custom')
	//	{
		console.log("In on load script for dif variables");
		//g_form.setDisplay('CPUCount',false);
		//g_form.setDisplay('memoryGB',false);
		g_form.setDisplay('disk0SizeGB',false);
		g_form.setDisplay('disksAllowed',false);
		g_form.setDisplay('backupType',false);
		g_form.setDisplay('backupPolicy',false);
		g_form.setDisplay('backupWindow',false);
		g_form.setDisplay('backupMethod',false);
		g_form.setDisplay('diskCount',false);
		//g_form.setValue('enableFirewall', 'No');
		
		
		
		
		//	}
	}]]></script>
        <sys_class_name>catalog_script_client</sys_class_name>
        <sys_created_by>admin</sys_created_by>
        <sys_created_on>2018-10-31 06:31:24</sys_created_on>
        <sys_domain>global</sys_domain>
        <sys_domain_path>/</sys_domain_path>
        <sys_id>d66cf960dbe127001dde0181ca96190a</sys_id>
        <sys_mod_count>4</sys_mod_count>
        <sys_name>onLoad for diff variables</sys_name>
        <sys_overrides/>
        <sys_package display_value="NeedIt" source="x_58872_needit">6ead8e780f603200cd674f8ce1050ed1</sys_package>
        <sys_policy/>
        <sys_scope display_value="NeedIt">6ead8e780f603200cd674f8ce1050ed1</sys_scope>
        <sys_update_name>catalog_script_client_d66cf960dbe127001dde0181ca96190a</sys_update_name>
        <sys_updated_by>admin</sys_updated_by>
        <sys_updated_on>2018-11-05 05:32:19</sys_updated_on>
        <table/>
        <type>onLoad</type>
        <ui_type>0</ui_type>
        <variable_set/>
        <view/>
    </catalog_script_client>
</record_update>
