<?xml version="1.0" encoding="UTF-8"?>
<record_update table="catalog_ui_policy_action">
    <catalog_ui_policy_action action="INSERT_OR_UPDATE">
        <catalog_item display_value="ZZZ get vm info and update uvcore table">bff5da8e4f0f1300b6bec4b18110c7f8</catalog_item>
        <catalog_variable>IO:8c0692ce4f0f1300b6bec4b18110c751</catalog_variable>
        <disabled>true</disabled>
        <field/>
        <mandatory>ignore</mandatory>
        <sys_class_name>catalog_ui_policy_action</sys_class_name>
        <sys_created_by>admin</sys_created_by>
        <sys_created_on>2018-07-03 17:36:37</sys_created_on>
        <sys_id>7006d2ce4f0f1300b6bec4b18110c792</sys_id>
        <sys_mod_count>0</sys_mod_count>
        <sys_name>serviceRequestId</sys_name>
        <sys_package display_value="NeedIt" source="x_58872_needit">6ead8e780f603200cd674f8ce1050ed1</sys_package>
        <sys_policy/>
        <sys_scope display_value="NeedIt">6ead8e780f603200cd674f8ce1050ed1</sys_scope>
        <sys_update_name>catalog_ui_policy_action_7006d2ce4f0f1300b6bec4b18110c792</sys_update_name>
        <sys_updated_by>admin</sys_updated_by>
        <sys_updated_on>2018-07-03 17:36:37</sys_updated_on>
        <table/>
        <ui_policy display_value="make SRA Environment , customer, service request id, portal type,  subscription id, reference read only and hide some">3006d2ce4f0f1300b6bec4b18110c77a</ui_policy>
        <variable>serviceRequestId</variable>
        <variable_set/>
        <visible>ignore</visible>
    </catalog_ui_policy_action>
</record_update>
