<?xml version="1.0" encoding="UTF-8"?>
<record_update table="catalog_ui_policy_action">
    <catalog_ui_policy_action action="INSERT_OR_UPDATE">
        <catalog_item display_value="ZZZ MSO_Import_VM">367d7ab54ff35300b6bec4b18110c7bf</catalog_item>
        <catalog_variable>IO:9f7dfab54ff35300b6bec4b18110c76a</catalog_variable>
        <disabled>true</disabled>
        <field/>
        <mandatory>ignore</mandatory>
        <sys_class_name>catalog_ui_policy_action</sys_class_name>
        <sys_created_by>admin</sys_created_by>
        <sys_created_on>2018-08-09 08:37:45</sys_created_on>
        <sys_id>3b7d3eb54ff35300b6bec4b18110c71f</sys_id>
        <sys_mod_count>0</sys_mod_count>
        <sys_name>server_count</sys_name>
        <sys_package display_value="NeedIt" source="x_58872_needit">6ead8e780f603200cd674f8ce1050ed1</sys_package>
        <sys_policy/>
        <sys_scope display_value="NeedIt">6ead8e780f603200cd674f8ce1050ed1</sys_scope>
        <sys_update_name>catalog_ui_policy_action_3b7d3eb54ff35300b6bec4b18110c71f</sys_update_name>
        <sys_updated_by>admin</sys_updated_by>
        <sys_updated_on>2018-08-09 08:37:45</sys_updated_on>
        <table/>
        <ui_policy display_value="make SRA Environment , customer, service request id, portal type,  subscription id, reference read only and hide some">3b7d3eb54ff35300b6bec4b18110c711</ui_policy>
        <variable>server_count</variable>
        <variable_set/>
        <visible>false</visible>
    </catalog_ui_policy_action>
</record_update>
