<?xml version="1.0" encoding="UTF-8"?>
<record_update sys_domain="global" table="catalog_script_client">
    <catalog_script_client action="INSERT_OR_UPDATE">
        <active>true</active>
        <applies_catalog>true</applies_catalog>
        <applies_extended>false</applies_extended>
        <applies_req_item>true</applies_req_item>
        <applies_sc_task>true</applies_sc_task>
        <applies_target_record>false</applies_target_record>
        <applies_to>item</applies_to>
        <cat_item display_value="ZZZ MSO VM v2.0 Dutch">44b8009f4fb31300b6bec4b18110c7b0</cat_item>
        <cat_variable>IO:98b884df4fb31300b6bec4b18110c7df</cat_variable>
        <condition/>
        <description/>
        <field/>
        <global>true</global>
        <messages/>
        <name>Auto populate fileds</name>
        <order/>
        <script><![CDATA[function onChange(control, oldValue, newValue, isLoading) {
	if(newValue == '' ||isLoading){
		return false;
	}
	else if(g_form.getValue('user') != '' &&(g_form.getValue('phase') == 'Modify' || g_form.getValue('phase') == 'Decommission' || g_form.getValue('phase') == 'Action')){
		var uvCore = new GlideAjax('x_58872_needit.getuvCoredata');
		uvCore.addParam('sysparm_name','getFields');
		uvCore.addParam('sysparm_user',g_form.getValue('user'));
		uvCore.addParam('sysparm_subscriptionName',g_form.getValue('subscription_name'));
		uvCore.getXMLAnswer(updateForm);
	}
		
		
	function updateForm(response2){
		var ans;
		var hardware_preset;
		console.log("In update field callback");
		console.log("################# Response :"+response2);
		ans = response2.evalJSON();
		console.log(ans);
		console.log(JSON.stringify(ans));
		g_form.setValue('currentSet',JSON.stringify(ans));
		g_form.setValue('subscriptionID',ans.subsId);
		g_form.setValue('reference',ans.reference);
		g_form.setValue('serviceRequestId',ans.serviceId);
		g_form.setValue('hostname_lc',ans.hostname);
		
		if(ans.hardwarepreset =='1')
			{
				
				g_form.setValue('u_hwpreset','1');
				hardware_preset = g_form.getControl('u_hwpreset');
				console.log(hardware_preset);
				hardware_preset.style.backgroundColor = '#FFF';
				hardware_preset.style.color = '#343D47';
				
			}
		if(ans.hardwarepreset =='2')
			{
				
				g_form.setValue('u_hwpreset','2');
				hardware_preset = g_form.getControl('u_hwpreset');
				console.log(hardware_preset);
				hardware_preset.style.backgroundColor = '#FFF';
				hardware_preset.style.color = '#343D47';
			}
		if(ans.hardwarepreset =='3')
			{
				
				g_form.setValue('u_hwpreset','3');
				hardware_preset = g_form.getControl('u_hwpreset');
				hardware_preset.style.backgroundColor = '#FFF';
				hardware_preset.style.color = '#343D47';
			}
		//g_form.setValue('hardware_preset',ans.hardwarepreset);
		//g_form.setValue('subscription_email', ans.subsmail);
		
		
		g_form.setValue('subscriptionName',g_form.getValue('subscription_name'));
		
		
		if(ans.disk1SizeGB !='None' && ans.disk1SizeGB !='')
			{
				//console.log("ans.disk1SizeGB : "+"0-"+ans.disk1SizeGB );
				g_form.setValue('disk1_size',ans.disk1SizeGB);
				var disk = g_form.getControl('disk1_size');
				disk.style.backgroundColor = '#FFF';
				disk.style.color = '#343D47';
			}
		
		if(ans.disk2SizeGB !='None' && ans.disk2SizeGB !='')
			{
				//console.log("ans.disk2SizeGB : "+'0-'+ans.disk2SizeGB );
				g_form.setValue('disk2_size',ans.disk2SizeGB);
				var disk = g_form.getControl('disk2_size');
				disk.style.backgroundColor = '#FFF';
				disk.style.color = '#343D47';
			}
		
		if(ans.disk3SizeGB !='None' && ans.disk3SizeGB !='')
			{
				g_form.setValue('disk3_size',ans.disk3SizeGB);
				var disk = g_form.getControl('disk3_size');
				disk.style.backgroundColor = '#FFF';
				disk.style.color = '#343D47';
			}
		
		if(ans.disk4SizeGB !='None' && ans.disk4SizeGB !='')
			{
				g_form.setValue('disk4_size',ans.disk4SizeGB);
				var disk = g_form.getControl('disk4_size');
				disk.style.backgroundColor = '#FFF';
				disk.style.color = '#343D47';
			}
		
		if(ans.disk5SizeGB !='None' && ans.disk5SizeGB !='')
			{
				g_form.setValue('disk5_size',ans.disk5SizeGB);
				var disk = g_form.getControl('disk5_size');
				disk.style.backgroundColor = '#FFF';
				disk.style.color = '#343D47';
			}
		if(ans.disk6SizeGB !='None' && ans.disk6SizeGB !='')
			{
				g_form.setValue('disk6_size',ans.disk6SizeGB);
				var disk = g_form.getControl('disk6_size');
				disk.style.backgroundColor = '#FFF';
				disk.style.color = '#343D47';
			}
		
		if(ans.disk7SizeGB !='None' && ans.disk7SizeGB !='')
			{
				g_form.setValue('disk7_size',ans.disk7SizeGB);
				var disk = g_form.getControl('disk7_size');
				disk.style.backgroundColor = '#FFF';
				disk.style.color = '#343D47';
			}
		
		if(ans.disk8SizeGB !='None' && ans.disk8SizeGB !='')
			{
				g_form.setValue('disk8_size',ans.disk8SizeGB);
				var disk = g_form.getControl('disk8_size');
				disk.style.backgroundColor = '#FFF';
				disk.style.color = '#343D47';
			}
		
		if(ans.disk9SizeGB !='None' && ans.disk9SizeGB !='')
			{
				g_form.setValue('disk9_size',ans.disk9SizeGB);
				var disk = g_form.getControl('disk9_size');
				disk.style.backgroundColor = '#FFF';
				disk.style.color = '#343D47';
			}
		
		if(ans.outageday !='None' && ans.outageday !='')
			{
				g_form.setValue('OutageDay',ans.outageday);
				var outageday = g_form.getControl('OutageDay');
				outageday.style.backgroundColor = '#FFF';
				outageday.style.color = '#343D47';
			}
		
		if(ans.outagewindow !='None' && ans.outagewindow !='')
			{
				g_form.setValue('OutageTime',ans.outagewindow);
				var outagewindow = g_form.getControl('OutageTime');
				outagewindow.style.backgroundColor = '#FFF';
				outagewindow.style.color = '#343D47';
			}
		
		if(ans.enablesrm !='None' && ans.enablesrm !='' &&  ans.enablesrm != undefined)
			{
				g_form.setValue('enableSRM',ans.enablesrm);
				var enablesrm = g_form.getControl('enableSRM');
				console.log("enablesrm:" + enablesrm + ans.enablesrm.toString());
				console.dir(ans.enablesrm);
				enablesrm.style.backgroundColor = '#FFF';
				enablesrm.style.color = '#343D47';
			}
		
		if(ans.enablefirewall !='None' && ans.enablefirewall !='' && ans.enablefirewall != undefined)
			{
				g_form.setValue('enableFirewall',ans.enablefirewall);
				var enablefirewall = g_form.getControl('enableFirewall');
				console.log("enablefirewall:" + enablefirewall + ans.enablefirewall.toString());
				console.dir(ans.enablefirewall);
				enablefirewall.style.backgroundColor = '#FFF';
				enablefirewall.style.color = '#343D47';
			}
		
		if(ans.enablebackup !='None' && ans.enablebackup !='' && ans.enablebackup != undefined)
			{
				g_form.setValue('enableBackup',ans.enablebackup );
				var enablebackup = g_form.getControl('enableBackup');
				
				console.dir(ans.enablebackup);
				enablebackup.style.backgroundColor = '#FFF';
				enablebackup.style.color = '#343D47';
			}
		
		if(ans.subscriptiondiscription !='None' && ans.subscriptiondiscription !='' && ans.subscriptiondiscription != undefined)
			{
				g_form.setValue('subscriptionDiscription',ans.subscriptiondiscription);
				var subscriptiondiscription = g_form.getControl('subscriptionDiscription');
				console.log("subscriptiondiscription:" + subscriptiondiscription + ans.subscriptiondiscription.toString());
				console.dir(ans.subscriptiondiscription);
				subscriptiondiscription.style.backgroundColor = '#FFF';
				subscriptiondiscription.style.color = '#343D47';
			}
		
		if(ans.privilageduser !='None' && ans.privilageduser !='')
			{
				g_form.setValue('PrivilagedUser',ans.privilageduser);
				var privilageduser = g_form.getControl('PrivilagedUser');
				console.log("privilageduser:" + privilageduser + ans.privilageduser);
				privilageduser.style.backgroundColor = '#FFF';
				privilageduser.style.color = '#343D47';
			}
		
		if(ans.tags !='None' && ans.tags !='')
			{
				g_form.setValue('Tags',ans.tags);
				var tags = g_form.getControl('Tags');
				console.log("tags:" + tags + ans.tags);
				tags.style.backgroundColor = '#FFF';
				tags.style.color = '#343D47';
			}
		
		if(ans.ospatchday !='None' && ans.ospatchday !='')
			{
				g_form.setValue('OSPatchDay',ans.ospatchday);
				var ospatchday = g_form.getControl('OSPatchDay');
				console.log("osPatchDay:" + ospatchday + ans.ospatchday);
				ospatchday.style.backgroundColor = '#FFF';
				ospatchday.style.color = '#343D47';
			}
		
		if(ans.ospatchtime !='None' && ans.ospatchtime !='')
			{
				g_form.setValue('OSPatchTime',ans.ospatchtime);
				var ospatchtime = g_form.getControl('OSPatchTime');
				console.log("osPatchTime:" + ospatchtime + ans.ospatchtime);
				ospatchtime.style.backgroundColor = '#FFF';
				ospatchtime.style.color = '#343D47';
			}
		
		if(ans.nic0connection !='None' && ans.nic0connection !='')
			{
				g_form.setValue('NIC0Connection',ans.nic0connection);
				var nic0connection = g_form.getControl('NIC0Connection');
				console.log("nic0connection:" + nic0connection + ans.nic0connection);
				nic0connection.style.backgroundColor = '#FFF';
				nic0connection.style.color = '#343D47';
			}
		if(ans.nic1connection !='None' && ans.nic1connection !='')
			{
				g_form.setValue('NIC1Connection',ans.nic1connection);
				var nic1connection = g_form.getControl('NIC1Connection');
				nic1connection.style.backgroundColor = '#FFF';
				nic1connection.style.color = '#343D47';
			}
		if(ans.nic2connection !='None' && ans.nic2connection !='')
			{
				g_form.setValue('NIC2Connection',ans.nic2connection);
				var nic2connection = g_form.getControl('NIC2Connection');
				nic2connection.style.backgroundColor = '#FFF';
				nic2connection.style.color = '#343D47';
			}
		if(ans.nic3connection !='None' && ans.nic3connection !='')
			{
				g_form.setValue('NIC3Connection',ans.nic3connection);
				var nic3connection = g_form.getControl('NIC3Connection');
				nic3connection.style.backgroundColor = '#FFF';
				nic3connection.style.color = '#343D47';
			}
		if(ans.nic4connection !='None' && ans.nic4connection !='')
			{
				g_form.setValue('NIC4Connection',ans.nic4connection);
				var nic4connection = g_form.getControl('NIC4Connection');
				nic4connection.style.backgroundColor = '#FFF';
				nic4connection.style.color = '#343D47';
			}
		if(ans.nic5connection !='None' && ans.nic5connection !='')
			{
				g_form.setValue('NIC5Connection',ans.nic5connection);
				var nic5connection = g_form.getControl('NIC5Connection');
				nic5connection.style.backgroundColor = '#FFF';
				nic5connection.style.color = '#343D47';
			}
		if(ans.nic6connection !='None' && ans.nic6connection !='')
			{
				g_form.setValue('NIC6Connection',ans.nic6connection);
				var nic6connection = g_form.getControl('NIC6Connection');
				nic6connection.style.backgroundColor = '#FFF';
				nic6connection.style.color = '#343D47';
			}
		if(ans.nic7connection !='None' && ans.nic7connection !='')
			{
				g_form.setValue('NIC7Connection',ans.nic7connection);
				var nic7connection = g_form.getControl('NIC7Connection');
				nic7connection.style.backgroundColor = '#FFF';
				nic7connection.style.color = '#343D47';
			}
		if(ans.nic8connection !='None' && ans.nic8connection !='')
			{
				g_form.setValue('NIC8Connection',ans.nic8connection);
				var nic8connection = g_form.getControl('NIC8Connection');
				nic8connection.style.backgroundColor = '#FFF';
				nic8connection.style.color = '#343D47';
			}
		if(ans.nic9connection !='None' && ans.nic9connection !='')
			{
				g_form.setValue('NIC9Connection',ans.nic9connection);
				var nic9connection = g_form.getControl('NIC9Connection');
				console.log("nic9connection:" + nic9connection + ans.nic9connection);
				nic9connection.style.backgroundColor = '#FFF';
				nic9connection.style.color = '#343D47';
			}
		
		if(ans.vmNsxSecTag1 !='None' && ans.vmNsxSecTag1 !='')
			{
				g_form.setValue('vmNsxSecTag1',ans.vmNsxSecTag1);
				var vmNsxSecTag1 = g_form.getControl('vmNsxSecTag1');
				console.log("vmNsxSecTag1:" + vmNsxSecTag1 + ans.vmNsxSecTag1);
				vmNsxSecTag1.style.backgroundColor = '#FFF';
				vmNsxSecTag1.style.color = '#343D47';
			}
		
		if(ans.vmNsxSecTag2 !='None' && ans.vmNsxSecTag2 !='')
			{
				g_form.setValue('vmNsxSecTag2',ans.vmNsxSecTag2);
				var vmNsxSecTag2 = g_form.getControl('vmNsxSecTag2');
				vmNsxSecTag2.style.backgroundColor = '#FFF';
				vmNsxSecTag2.style.color = '#343D47';
			}
		
		if(ans.vmNsxSecTag3 !='None' && ans.vmNsxSecTag3 !='')
			{
				g_form.setValue('vmNsxSecTag3',ans.vmNsxSecTag3);
				var vmNsxSecTag3 = g_form.getControl('vmNsxSecTag3');
				vmNsxSecTag3.style.backgroundColor = '#FFF';
				vmNsxSecTag3.style.color = '#343D47';
			}
		
		if(ans.vmNsxSecTag4 !='None' && ans.vmNsxSecTag4 !='')
			{
				g_form.setValue('vmNsxSecTag4',ans.vmNsxSecTag4);
				var vmNsxSecTag4 = g_form.getControl('vmNsxSecTag4');
				console.log("vmNsxSecTag4:" + vmNsxSecTag4 + ans.vmNsxSecTag4);
				vmNsxSecTag4.style.backgroundColor = '#FFF';
				vmNsxSecTag4.style.color = '#343D47';
			}
		
		if(ans.associatedLB !='None' && ans.associatedLB !='')
			{
				g_form.setValue('associatedLB',ans.associatedLB);
				var associatedLB = g_form.getControl('associatedLB');
				console.log("associatedLB:" + associatedLB + ans.associatedLB);
				associatedLB.style.backgroundColor = '#FFF';
				associatedLB.style.color = '#343D47';
			}	
		
		if(ans.backuptype !='None' && ans.backuptype !='')
			{
				g_form.setValue('backupType',ans.backuptype);
				var backuptype = g_form.getControl('backupType');
				console.log("backuptype:" + backuptype + ans.backuptype);
				backuptype.style.backgroundColor = '#FFF';
				backuptype.style.color = '#343D47';
			}
		
		if(ans.backupmethod !='None' && ans.backupmethod !='')
			{
				g_form.setValue('backupMethod',ans.backupmethod);
				var backupmethod = g_form.getControl('backupMethod');
				console.log("backupmethod:" + backupmethod + ans.backupmethod);
				backupmethod.style.backgroundColor = '#FFF';
				backupmethod.style.color = '#343D47';
			}
		if(ans.backuppolicy !='None' && ans.backuppolicy !='')
			{
				g_form.setValue('backupPolicy',ans.backuppolicy);
				var backuppolicy = g_form.getControl('backupPolicy');
				console.log("backuppolicy:" + backuppolicy + ans.backuppolicy);
				backuppolicy.style.backgroundColor = '#FFF';
				backuppolicy.style.color = '#343D47';
			}
		if(ans.backupwindow !='None' && ans.backupwindow !='')
			{
				g_form.setValue('backupWindow',ans.backupwindow);
				var backupwindow = g_form.getControl('backupWindow');
				console.log("backupwindow:" + backupwindow + ans.backupwindow);
				backupwindow.style.backgroundColor = '#FFF';
				backupwindow.style.color = '#343D47';
			}
		if(ans.ciimpact !='None' && ans.ciimpact !='')
			{
				g_form.setValue('CIImpact',ans.ciimpact);
				var ciimpact = g_form.getControl('ciimpact');
				console.log("CIImpact:" + ciimpact + ans.ciimpact);
				ciimpact.style.backgroundColor = '#FFF';
				ciimpact.style.color = '#343D47';
			}
		if(ans.cisupporttier !='None' && ans.cisupporttier !='')
			{
				g_form.setValue('CISupportTier',ans.cisupporttier);
				var cisupporttier = g_form.getControl('CISupportTier');
				console.log("cisupporttier:" + cisupporttier + ans.cisupporttier);
				cisupporttier.style.backgroundColor = '#FFF';
				cisupporttier.style.color = '#343D47';
			}
		}
		if(ans.businessinformation !='None' && ans.businessinformation !='')
			{
				g_form.setValue('BusinessInformation',ans.businessinformation);
				var businessinformation = g_form.getControl('BusinessInformation');
				console.log("businessinformation:" + businessinformation + ans.businessinformation);
				businessinformation.style.backgroundColor = '#FFF';
				businessinformation.style.color = '#343D47';
			}
		if(ans.billingcode !='None' && ans.billingcode !='')
			{
				g_form.setValue('BillingCode',ans.billingcode);
				var billingcode = g_form.getControl('BillingCode');
				console.log("billingcode:" + billingcode + ans.billingcode);
				billingcode.style.backgroundColor = '#FFF';
				billingcode.style.color = '#343D47';
			}
		if(ans.securityzone !='None' && ans.securityzone !='')
			{
				g_form.setValue('securityzone',ans.securityzone);
				var securityzone = g_form.getControl('securityzone');
				console.log("securityzone:" + securityzone + ans.billingcode);
				securityzone.style.backgroundColor = '#FFF';
				securityzone.style.color = '#343D47';
			}
		
		}

	
	
]]></script>
        <sys_class_name>catalog_script_client</sys_class_name>
        <sys_created_by>admin</sys_created_by>
        <sys_created_on>2018-08-13 11:18:44</sys_created_on>
        <sys_domain>global</sys_domain>
        <sys_domain_path>/</sys_domain_path>
        <sys_id>c5b8c4df4fb31300b6bec4b18110c785</sys_id>
        <sys_mod_count>35</sys_mod_count>
        <sys_name>Auto populate fileds</sys_name>
        <sys_overrides/>
        <sys_package display_value="NeedIt" source="x_58872_needit">6ead8e780f603200cd674f8ce1050ed1</sys_package>
        <sys_policy/>
        <sys_scope display_value="NeedIt">6ead8e780f603200cd674f8ce1050ed1</sys_scope>
        <sys_update_name>catalog_script_client_c5b8c4df4fb31300b6bec4b18110c785</sys_update_name>
        <sys_updated_by>admin</sys_updated_by>
        <sys_updated_on>2018-08-29 09:05:22</sys_updated_on>
        <table/>
        <type>onChange</type>
        <ui_type>0</ui_type>
        <variable_set/>
        <view/>
    </catalog_script_client>
</record_update>
